date,center_lat,center_long,direction,15m,45m,75m,105m,135m,165m,195m,225m,255m,285m,315m,345m,375m,405m,435m,465m,495m,525m,555m,585m,615m,645m,675m,705m,735m,765m,795m,825m,855m,885m
2000-09-14,16.0402,-61.6656,E,0.0158,0.004,0.0116,0.0104,0.003,,,,,,,,,,,,,,,,,,,,,,,,,
2000-09-14,16.0402,-61.6656,NO,-0.06,,,,,,,,,,,,,,,,0.0057,-0.0029,,,,,,,,,,,,
2000-09-14,16.0402,-61.6656,O,,0.0194,0.012,0.0114,0.0169,0.0097,0.0029,-0.0009,-0.0025,-0.003,-0.0015,-0.0052,-0.0039,-0.0039,0.0005,-0.0064,0.0071,1e-04,-0.0002,0.002,0.001,0.0004,0.0027,0.0045,-0.0023,-0.0022,0.0005,0.009,0.001,0.0012
2000-09-14,16.0402,-61.6656,S,0.0132,0.0099,0.0109,0.0104,0.0053,0.002,0.0007,0.0003,-0.0017,-0.002,0.0043,0.003,0.003,0.0032,0.0064,0.0091,0.0031,0.0017,-0.0016,-0.0031,-0.0068,-0.0079,-0.0085,-0.007,-0.0072,-0.0075,-0.0003,0.0049,0.0051,0.008
2000-09-14,16.0402,-61.6656,SE,,0.0113,0.0108,0.0032,0.0018,0.0088,0.0083,0.0068,0.0043,-0.0074,-0.0086,,,,,,,,,,,,,,,,,,,0.0118
2000-09-14,16.0402,-61.6656,SO,,-0.002,-0.0065,-0.0027,0.0007,-0.0017,-0.0003,-0.0037,0.0033,0.0019,0.0002,0.0015,-0.004,,,,,,,-0.0062,-0.0051,-0.005,-0.0089,-0.0021,-0.0008,0.0012,-0.0034,0.0003,-0.0059,-0.0048
2003-12-12,16.0421,-61.6678,E,,,0.0227,,,,,,,,,,,,,,,,,,,,,,,,,,,
2003-12-12,16.0421,-61.6678,N,0.0228,,,0.0003,,,,,,,,,,,,,,,,,,,,,,,,,,
2003-12-12,16.0421,-61.6678,NO,,0.0112,0.0084,0.0055,-0.0002,-0.0002,-0.0002,-1e-04,-0.0,-0.0002,-0.0002,-1e-04,-1e-04,-0.0,-1e-04,-1e-04,-0.0,0.0,,,,,,,,,,,,
2003-12-12,16.0421,-61.6678,O,,0.0154,0.0153,0.0096,0.0095,0.0038,0.0039,0.0039,0.0039,0.0011,-0.0017,-0.0016,-0.0015,,,,,,,,,-0.0009,,,,,,,,
2003-12-12,16.0421,-61.6678,S,-0.0193,-0.0192,-0.0249,-0.0249,-0.0248,-0.0246,-0.0188,-0.0188,-0.0132,-0.0128,-0.007,-0.0011,0.0047,0.0103,0.0104,0.0162,0.016,0.0161,0.0135,0.0105,0.005,-0.0009,-0.0014,-0.0012,-0.007,-0.0129,-0.0126,-0.0131,-0.0131,-0.0133
2003-12-12,16.0421,-61.6678,SE,,-0.0232,-0.0231,-0.0287,-0.0286,,,,-0.0223,-0.0194,-0.0164,-0.0079,-0.0051,0.0006,0.0007,0.0007,0.0007,-0.0045,0.001,0.0012,0.007,0.0126,0.0066,0.0064,0.0009,0.0037,0.0011,0.0037,-0.0051,-0.0082
2003-12-12,16.0421,-61.6678,SO,,-0.0029,-0.0066,-0.0069,-0.0049,-0.0053,-0.0057,-0.0051,-0.0011,-0.0012,-0.001,-0.0055,0.0036,0.0032,0.015,0.011,0.0143,0.0196,0.0232,0.0177,-0.0006,,,-0.0162,-0.0114,-0.0132,-0.0066,-0.0049,0.0062,0.0062
2004-08-08,16.0453,-61.6673,E,0.0138,0.009,0.0081,1e-04,,,,,,,,,,,,,,,,,,,,,,,,,,
2004-08-08,16.0453,-61.6673,N,,0.0056,0.0,,,,,,,,,,,,,,,,,,,,,,,,,,,
2004-08-08,16.0453,-61.6673,NE,,0.0046,0.0075,,,,,,,,,,,,,,,,,,,,,,,,,,,
2004-08-08,16.0453,-61.6673,NO,0.0147,,,,,,,,,,,,,,,,,,,,,,,,,,,,,
2004-08-08,16.0453,-61.6673,S,0.0132,0.0118,0.0121,,,0.0052,,,,,,,,,,,,,,,,,,,,,,,,
2004-08-08,16.0453,-61.6673,SE,,0.0126,0.0062,0.0027,0.0029,0.0023,0.0028,,,,,,,,,,,,,,,,,,,,,,,
2004-11-28,16.044,-61.6631,E,,0.0165,0.0118,,,,,,,,,,,,,0.0,0.0,0.0,0.0,0.0,,0.0,0.0,0.0,0.0,0.0,,,,
2004-11-28,16.044,-61.6631,N,,,,,,,,,,,,,,,,,,,-0.0307,-0.0264,-0.0029,0.0063,0.0074,0.0244,0.0096,-0.0051,-0.0083,-0.007,-0.0128,-0.0121
2004-11-28,16.044,-61.6631,NE,,,,,,,,,,,,,,,,,,,,,0.0242,-0.0007,0.0026,-0.0014,0.008,-0.0018,-0.0035,0.0016,0.0049,0.0014
2004-11-28,16.044,-61.6631,NO,,,,,,,,,,,,,-0.0002,-0.0046,-0.0098,-0.0118,-0.018,-0.0038,0.0162,-0.0102,-0.0003,-0.0126,-0.0129,-0.0307,-0.0309,-0.0227,-0.0197,-0.0079,0.0037,0.0103
2004-11-28,16.044,-61.6631,O,,,,,,,,,,,-0.0137,-0.0056,-0.0022,0.0003,0.0012,0.0044,0.0042,0.0075,0.0049,0.0079,0.0117,0.0137,0.0054,0.0041,-0.0034,-0.0034,-0.0105,-0.0099,-0.0095,-0.0052
2004-11-28,16.044,-61.6631,S,0.2009,,,0.0356,,,,,,,,-0.0038,-0.0109,-0.0118,-0.014,-0.0168,-0.0127,-0.001,0.0041,0.0096,0.0085,0.0195,0.0168,0.0142,0.004,-0.0014,-0.0076,-0.0086,-0.0088,-0.0064
2004-11-28,16.044,-61.6631,SE,,0.0241,0.0209,0.0225,,,,,,,0.0009,-1e-04,-0.001,-0.0017,-0.0024,-0.0034,-0.0005,-0.001,0.0014,-0.0019,-0.0028,-0.0034,-0.0043,-0.0054,-0.0063,-0.0073,-0.0064,-0.0036,0.004,0.0094
2004-11-28,16.044,-61.6631,SO,,,,,,,,,,,0.0311,0.0333,0.0141,0.0092,0.0096,0.0047,0.0,0.0047,-0.0021,-0.0087,-0.0021,-0.0093,0.0051,-0.014,-0.0006,-0.001,-0.0018,-0.0016,-0.0023,-0.0026
2005-05-07,16.0478,-61.6661,E,,,0.0,,,,,,,,,,,,,,,,,,,,,,,,,,,
2005-05-07,16.0478,-61.6661,S,,,-0.0109,-0.0117,-0.012,-0.0109,-0.0075,-0.0105,-0.0064,0.0012,-0.0044,-0.0045,0.0005,1e-04,0.0053,0.005,0.0022,0.0024,0.006,0.0102,0.0065,0.0013,-0.0016,-0.002,0.0014,0.0035,0.002,-0.0016,-0.0075,-0.0039
2005-05-07,16.0478,-61.6661,SE,,,-0.0095,-0.0083,-0.0074,-0.0038,0.0022,0.0015,0.0005,-0.0018,,,,,,,,,,,,,,,,,,,,
2005-05-07,16.0478,-61.6661,SO,0.0,,,,,0.0,,,,,,,,,,,,,,,,,,,,,,,,
2005-08-11,16.0475,-61.665,N,,,,,,,,,,,,,,,,,,,,,,,,,,0.0062,0.0051,-0.0061,-0.0007,0.0009
2005-08-11,16.0475,-61.665,O,,0.0291,0.0156,,,,,,,,,,,,,,,,,,,,,,,,,,,
2005-08-11,16.0475,-61.665,S,,-0.0066,-0.0191,-0.028,-0.0316,-0.0238,-0.0131,0.0007,0.0024,0.0004,0.0036,0.0009,0.0002,-0.0057,-0.0061,,0.0007,0.0043,,,,,,,,,,,,
2005-08-11,16.0475,-61.665,SE,,,,,,,,,,,,,,,,,,-0.0213,-0.0019,0.0131,0.01,0.008,0.0092,0.0009,,,,,,
2005-08-11,16.0475,-61.665,SO,0.0426,0.0248,0.0101,0.0027,0.0,0.0016,0.0,,,,,,,,,,,,,,,,,,,,,,,
2005-12-17,16.0421,-61.6681,N,0.0353,0.01,0.0,,,,,,,,,,,,,,,,,,,,,,,,,,,
2006-11-18,16.0413,-61.6653,E,0.0961,0.085,0.0764,0.071,0.0592,0.0627,0.0485,,,,,,,,,,,,,,,0.0316,0.019,-0.0035,-0.003,-0.0023,-0.0015,-0.0011,-0.0007,-0.0
2006-11-18,16.0413,-61.6653,N,,,,,,,,,,,,,,,,,,,,,,0.0146,0.0259,-0.0024,-0.0092,-0.0317,-0.0342,-0.003,-0.0237,-0.0037
2006-11-18,16.0413,-61.6653,NO,,,,,,,,,,,,,,,,-0.0,,,,,0.031,0.0037,0.0029,-0.0041,-0.0092,-0.008,-0.0081,-0.0035,0.0038,0.0075
2006-11-18,16.0413,-61.6653,O,,0.0058,0.014,0.0177,0.0199,0.0149,0.01,-0.0003,0.0034,0.0015,0.0029,-0.0065,-0.0092,-0.0031,,,,,,,,,,,,,,,,
2006-11-18,16.0413,-61.6653,S,,0.0451,0.0228,0.0181,0.0194,0.0128,0.007,0.0042,0.0024,0.0011,-0.0015,0.0016,0.0093,0.0042,0.009,0.0017,-0.0033,-0.0015,-0.0028,-0.0004,-0.0012,-0.0028,-0.0032,0.0025,-0.0029,0.0032,0.0002,0.0002,0.0038,0.0102
2006-11-18,16.0413,-61.6653,SE,,0.0758,0.0597,0.051,0.0394,0.0366,0.0354,0.0219,0.0104,0.0069,-0.0017,0.0051,-0.0012,0.0024,0.0047,0.0061,0.012,0.0172,0.0238,0.0275,0.0305,0.0255,0.0114,-0.0009,-0.0228,-0.0236,-0.0284,-0.0263,-0.0257,-0.0257
2006-11-18,16.0413,-61.6653,SO,0.0009,0.0059,-0.0013,0.0031,0.0036,0.0,0.0064,0.001,0.0102,-0.0108,-0.0251,-0.0125,-0.0019,-0.0056,0.0113,0.0029,0.0067,0.0013,0.0054,-0.0022,-0.0032,-0.0029,-0.0187,-0.0126,-0.014,-0.0098,-0.0122,-0.0029,-0.005,-0.002
2007-11-05,16.0407,-61.667,E,,,,,,,,,,0.0086,0.0084,0.0096,0.0051,0.0021,-0.0014,-0.0028,-0.0019,-0.0079,-0.0031,-0.0065,0.001,-0.0015,,,,,,,,
2007-11-05,16.0407,-61.667,N,0.0395,0.0393,,,,,,,,,,,,,,,,,,,,,,,,,,,,
2007-11-05,16.0407,-61.667,NO,,0.0332,0.0272,,,,,,,,,,,,,,,,,,,,,,,,,,,
2007-11-05,16.0407,-61.667,O,,-0.0177,-0.0202,-0.0181,-0.0117,-0.0084,-0.0084,-0.0068,0.0012,0.0038,0.006,0.0076,-0.001,-0.0021,-0.0031,-0.0034,-0.0091,-0.0082,-0.0026,-0.0014,0.0015,0.0035,0.0057,0.0155,,,,,,
2007-11-05,16.0407,-61.667,S,-0.0053,-0.0116,-0.0108,-0.0114,-0.0043,-0.0105,-0.0099,-0.0096,-0.0102,0.0026,0.0153,0.0125,0.0072,0.0064,0.0036,-0.0028,-1e-04,0.0004,-0.0039,-0.0014,0.0035,-0.0004,-0.0005,0.0065,0.0038,0.0011,-0.0013,-0.0109,-0.0225,-0.0151
2007-11-05,16.0407,-61.667,SE,,,,,,,,,,,,0.0048,0.0073,0.0105,0.0126,0.0175,-0.0011,0.0044,-0.0011,-0.0024,-0.001,-0.0036,-0.0025,-0.0037,-0.0039,-0.004,-0.0028,-0.0043,-0.0071,
2007-11-05,16.0407,-61.667,SO,,0.0055,0.0058,0.0046,0.0038,1e-04,0.0034,-0.0,0.0022,0.0019,0.0073,0.0011,-0.0003,-0.0002,-0.006,-0.0062,-0.0055,1e-04,-0.0024,-0.0065,0.0003,-0.0026,0.0012,0.0012,0.0033,0.0052,-0.0003,0.0005,0.0034,0.0072
2007-12-07,16.0434,-61.6634,E,,0.1649,0.1113,0.0641,0.0011,0.0,,,,,,,,,,,,,,,,,,,,,,,,
2007-12-07,16.0434,-61.6634,N,0.0126,,,,,,,,,,,,,,,,,,,-0.0011,-0.0004,-0.001,-0.0014,-0.0012,-0.0047,-0.0033,-0.0005,0.0011,0.0009,0.004
2007-12-07,16.0434,-61.6634,NE,,0.181,,,,,,,,,,,,,,,,,,,,,,0.0005,-0.0014,-0.0017,-0.0027,0.001,0.0,-0.0008
2007-12-07,16.0434,-61.6634,NO,,0.0063,,,,,,,,,,,,0.0025,,,,-0.0042,-0.0044,-0.0046,0.0019,0.0015,0.0015,-0.0011,-0.0014,-0.0008,0.0012,0.0013,-0.0037,-0.0028
2007-12-07,16.0434,-61.6634,O,,0.0149,,,,,,,,,,0.0047,0.005,0.004,0.0011,-1e-04,-0.0033,-0.0019,-0.0027,-0.0065,-0.0072,-0.006,-0.0083,-0.0056,-0.0076,-0.0056,-0.0035,0.0131,0.0138,0.0146
2007-12-07,16.0434,-61.6634,S,0.1768,0.0185,0.0185,,,,,,,,,,,0.0042,0.0026,0.0004,-0.001,,,0.0025,0.002,-0.0011,-0.0061,-0.0013,-0.0021,-0.0002,-0.0045,-0.0056,0.0007,0.0016
2007-12-07,16.0434,-61.6634,SE,,0.1457,0.1458,0.0511,-0.0193,,,,,,,,-0.0086,-0.0023,-0.0014,-0.0007,-0.0005,0.0055,0.0095,,,,,,,,,,,0.019
2007-12-07,16.0434,-61.6634,SO,,-0.009,-0.0034,,,,,,,,,,0.0024,0.002,0.0016,-0.0043,-0.0045,0.0007,0.0007,0.0008,0.0013,0.0008,-1e-04,-0.0027,0.0008,0.0006,-1e-04,-0.0003,-0.0008,-0.0025
2007-12-23,16.0434,-61.6631,E,,,0.1213,0.0245,0.026,0.025,,,,,,,,,,,,0.001,-0.0085,-0.0041,-0.0007,1e-04,0.0035,0.0059,,,,,,
2007-12-23,16.0434,-61.6631,N,,,,,,,,,,,,,,,,,,,-0.1407,0.0156,-0.0194,-0.0041,0.0141,0.0222,0.0266,0.0024,-0.0013,0.0143,0.0086,0.019
2007-12-23,16.0434,-61.6631,NE,,,,,,,,,,,,,,,,,,,,,0.0191,0.0159,0.0115,-0.0027,-0.0078,-0.0077,-0.0027,-0.0028,-0.0078,-0.0041
2007-12-23,16.0434,-61.6631,NO,,,,,,,,,,,,,,,-0.0145,0.0034,0.0278,0.0598,0.0723,0.0181,0.0151,-0.0233,-0.0274,-0.027,-0.0184,-0.0123,0.016,0.0197,0.0051,-0.0038
2007-12-23,16.0434,-61.6631,O,,,,,,,,,,,,,0.0005,0.0074,-0.0029,-0.009,-0.0084,-0.0005,0.0079,0.0169,0.011,0.013,-0.0051,-0.0132,-0.0274,-0.0211,-0.0101,-0.0061,0.0097,0.0114
2007-12-23,16.0434,-61.6631,S,0.2679,0.2574,0.2469,0.2363,,,,,,,,,,,,,,,,,,,,,,,,,,
2007-12-23,16.0434,-61.6631,SE,,0.2099,0.2084,0.1241,0.0345,0.0295,,,,,,,-0.0247,-0.0199,-0.0136,0.0091,0.0258,0.0157,-0.0002,-0.0093,-0.0128,-0.0084,-0.0037,0.0009,0.0028,0.0112,0.0115,,,
2007-12-23,16.0434,-61.6631,SO,,0.2522,0.231,,,,,,,,,,,,,,,,,,,,,,,,,,,
2008-05-15,16.048,-61.665,E,0.0561,0.0446,0.0339,0.02,0.0141,-0.0054,-0.0182,-0.0213,-0.0201,-0.0122,-0.0028,0.002,0.0071,0.0047,0.0004,-0.0045,-0.0081,-0.013,-0.0018,0.0006,,,,,,,,,,
2008-05-15,16.048,-61.665,N,0.0656,0.0619,0.0571,,,,,,,,,,,,,,,,,,,,,,0.0,,,,,
2008-05-15,16.048,-61.665,NE,,0.0544,0.0472,0.0432,,,,,,,,,,,,,,,,,,,,,,,,,,
2008-05-15,16.048,-61.665,O,,0.0652,,,,,,,,,,,,,,,,,,,,,,,,,,,,
2008-05-15,16.048,-61.665,S,,0.04,0.0251,0.004,-0.0092,-0.0006,-0.0129,0.0009,0.0063,0.0074,0.0064,0.0032,-0.001,-0.0079,-0.0074,,,-0.0091,0.0082,,0.0078,0.0089,,,,,,,,
2008-05-15,16.048,-61.665,SE,,0.0039,0.0005,-0.0051,-0.0083,-0.0112,-0.0157,-0.0155,-0.0146,-0.0063,-0.0038,1e-04,0.0107,0.0005,-0.0036,0.0021,0.0054,0.0045,0.0019,-0.0009,-0.0021,0.0057,0.009,0.0242,,,,,,
2008-05-15,16.048,-61.665,SO,0.0725,0.0551,0.0453,,,,,,,,,,,,,,,,,,,,,,,,,,,
2009-01-10,16.0421,-61.6653,N,,,,,,,,,,,,,,,,,0.0197,,,,,,,,,,,,,
2009-01-10,16.0421,-61.6653,NO,,,,,-0.0644,,,,,,,,,,,-0.0069,-0.0035,,,,,,,,,,,,,
2009-01-10,16.0421,-61.6653,SO,0.0201,,0.0149,,0.0,,,,,,,,,,,,,,,,,,,,,,,,,
2009-09-23,16.0467,-61.6673,E,0.0542,0.0421,0.0212,0.0105,0.0169,0.0219,0.0237,0.02,0.0129,0.0092,0.0036,-0.0041,-0.0121,-0.0114,-0.0092,-0.0121,-0.0003,-0.0007,0.0056,,,,,,,,,,,
2009-09-23,16.0467,-61.6673,N,,0.0569,0.0453,0.0209,0.0061,0.0,,,0.0,,,,,,,,,,,,,,,,,,,,,
2009-09-23,16.0467,-61.6673,NE,,0.0392,0.0244,0.0144,0.0085,0.0105,0.0138,0.0206,-0.0025,0.0055,-0.007,-0.0071,-0.0063,-0.0069,-0.0069,,,,,,,,,,,,,,,
2009-09-23,16.0467,-61.6673,NO,0.0475,0.0287,0.0041,-0.0042,-0.0058,-0.0117,,,,,,,,,,,,0.0006,,,,,,,,,,,,
2009-09-23,16.0467,-61.6673,O,,0.0296,0.0068,,,,,,,,,,,-0.0241,-0.0186,-0.0234,0.0004,-0.0113,-0.009,-0.0032,-0.0056,-0.0033,0.0014,0.0021,0.0093,0.005,0.0036,0.0098,0.0186,0.0103
2009-09-23,16.0467,-61.6673,S,0.027,0.0144,-0.0049,-0.0044,-0.0105,-0.0153,-0.0169,-0.016,-0.0182,-0.0086,-0.0082,-0.004,-0.0029,-0.0023,0.0091,0.02,0.0377,0.0478,0.0427,0.0225,0.0151,0.0116,0.0041,-0.002,-0.0083,-0.0076,-0.0125,-0.0201,-0.0217,-0.0227
2009-09-23,16.0467,-61.6673,SE,,-0.0061,-0.013,-0.0256,-0.0234,-0.0212,-0.0102,-0.0004,0.0064,0.0114,0.008,0.0118,0.0168,0.0094,0.0036,-0.0048,-0.0142,-0.0265,-0.031,-0.0218,,,,,,,,-0.0174,-0.016,-0.0152
2009-09-23,16.0467,-61.6673,SO,,-0.0746,-0.0777,-0.0799,-0.0729,-0.0826,,,,,,,,,,,,-0.0323,-0.016,-0.0061,0.0022,0.0114,0.0234,0.0164,0.0043,,,,,
2009-11-26,16.0421,-61.6645,E,,,,,,,,,,,,,,,,,,,,,,,,-0.0005,-0.001,-0.001,-0.001,-0.0011,-0.0008,0.0051
2009-11-26,16.0421,-61.6645,N,-0.1981,,,,,,,,,,,,,,,,,,,,,-0.2614,,,,,,0.0005,0.0019,-1e-04
2009-11-26,16.0421,-61.6645,NO,,0.0455,,,-0.0187,-0.0187,-0.0194,,,,-0.0122,-0.0105,-0.0038,-0.0035,0.0024,0.0039,0.0298,0.0352,0.0437,0.0085,0.0073,-0.0044,-0.0135,-0.0192,-0.0161,-0.0135,-0.0083,-0.0119,0.0042,0.0109
2009-11-26,16.0421,-61.6645,O,,0.018,-0.0103,-0.0079,-0.0387,-0.0237,-0.0161,-0.0076,0.0019,-0.0053,0.0019,,,,,,,,,,,,,,-0.0091,-0.0073,-0.0046,0.0,0.0037,0.0038
2009-11-26,16.0421,-61.6645,S,0.0794,0.0748,0.0563,0.044,0.0328,0.0244,0.0101,-0.0014,,,,-0.0175,-0.0182,,,,,,,-0.0128,-0.0021,0.0036,0.0021,0.0025,-0.0055,-0.0033,-0.0034,0.0012,0.0018,-0.0004
2009-11-26,16.0421,-61.6645,SE,,,,,,,,,,,,,,,,,,,,,,,,,0.0046,0.0042,-0.0013,-0.0011,-0.0025,-0.0009
2009-11-26,16.0421,-61.6645,SO,,0.0279,0.0035,0.0044,0.0022,-0.0079,-0.0104,-0.0138,-0.0017,0.0045,0.0074,-0.0072,0.0023,0.0029,0.0105,-0.0046,,-0.0137,-0.0131,-0.0128,-0.0064,-0.0009,0.0006,-0.0005,-0.0025,-0.0021,-0.0014,0.0058,0.0053,0.0056
2009-12-12,16.044,-61.6639,E,0.0273,0.0275,0.0275,,,,,,,,,1e-04,1e-04,0.0017,0.0006,0.0003,-0.0005,-0.0014,-0.002,-0.0026,-0.0029,-0.0036,-0.0036,0.0046,0.0099,,,,,
2009-12-12,16.044,-61.6639,N,0.0877,0.0875,-0.0051,,,,,,,,,,,,,,,,,,,-0.0418,-0.0333,-0.0137,-0.0241,-0.0205,-0.0113,-0.0082,-0.0116,-0.0103
2009-12-12,16.044,-61.6639,NE,,0.0096,-1e-04,-0.0029,,,,,,,,,,,,,,,,,,,,0.0039,-0.0013,0.0,,,,
2009-12-12,16.044,-61.6639,NO,,,,,,,,,,,,,-0.0134,-0.0016,0.0089,-0.0043,-0.0,-0.0083,-0.0014,0.0036,0.022,0.0139,0.0073,0.0014,-0.0111,-0.0132,-0.0169,-0.0134,-0.01,0.0002
2009-12-12,16.044,-61.6639,O,,,,,,,,,,,0.0165,-0.0068,-0.0055,-0.0014,0.0008,0.0018,0.0003,1e-04,0.0025,0.0053,0.0045,0.0044,0.0042,-0.0005,0.0006,0.0008,-0.0028,-0.0042,-0.0039,-0.0088
2009-12-12,16.044,-61.6639,S,0.2003,,,,,,,,-0.0108,-0.0151,-0.0155,-0.0162,-0.0133,-0.0024,0.0015,0.0029,0.0053,0.0048,0.0077,0.0055,0.0069,0.0015,0.0029,0.0049,-0.0012,-0.0019,-0.0041,0.0003,-0.0013,-0.0009
2009-12-12,16.044,-61.6639,SE,,,,,,,,,0.0039,0.0019,-0.0006,-0.003,-0.0013,0.0044,0.0083,0.0095,0.0018,-0.002,-0.0036,-0.0054,-0.0089,-0.0115,-0.0098,-0.0064,-0.0038,-0.0029,0.0008,0.0071,0.0127,0.0179
2009-12-12,16.044,-61.6639,SO,,,,,,,,,,,,0.0183,0.0107,0.0147,-0.0029,0.002,-0.0062,-0.0011,-0.0142,-0.0085,-0.0011,-0.0102,-0.0039,-0.0053,-0.0046,-0.0064,0.009,0.0086,0.0053,-0.0024
2010-12-15,16.0437,-61.6631,N,,,,,,,,,,,,,,,,,,,,,,,,,,-0.0104,-0.0096,-0.01,0.002,0.0032
2010-12-15,16.0437,-61.6631,O,,0.235,,,,,,,,,,,,,,,,,,,,,,,,,,,,
2010-12-15,16.0437,-61.6631,S,0.2338,0.2226,,0.205,,,,,0.0466,0.0387,0.0385,-0.0074,-0.0063,-0.0099,-0.0117,-0.02,0.0076,0.0024,-0.0172,-0.0024,0.0027,0.0043,0.0028,0.0023,-0.003,-0.0016,-0.0044,-0.0052,-0.0064,-0.0053
2010-12-15,16.0437,-61.6631,SE,,0.1723,,,,,,,,,,,,,,,-0.0062,0.0136,0.0202,0.0126,-0.0038,-0.0165,-0.0165,-0.0141,-0.0087,-0.0039,0.0007,0.0126,0.0094,0.0108
2010-12-15,16.0437,-61.6631,SO,,0.1604,,0.1604,,0.0508,0.0357,0.0222,0.0175,0.0027,,0.0025,-0.0102,-0.0054,-0.0096,-0.0098,-0.0097,-0.0143,-0.0145,,,,,0.0144,0.0192,0.0046,0.0058,-0.0043,-0.0042,-0.0039
2011-11-16,16.0402,-61.6623,E,,,0.0504,0.0339,,,,,,,,,,,,0.0,0.0,0.0,,,,,,,,,,,,
2011-11-16,16.0402,-61.6623,N,0.0483,0.0498,0.0353,0.0134,-0.0061,0.0335,0.0373,0.0595,0.0648,0.011,0.0091,-0.0004,-0.0143,-0.0206,-0.0269,-0.0273,-0.0199,-0.0102,0.0017,0.0073,0.007,0.0063,0.0085,-0.0199,,,,,,
2011-11-16,16.0402,-61.6623,NE,,0.0651,0.049,0.0349,0.0273,0.0235,,,,,,,,,,,,,,,,,,,,,,,,
2011-11-16,16.0402,-61.6623,NO,,0.0153,-0.0018,-0.0183,-0.0277,-0.0221,0.0444,0.0517,0.062,-0.006,-0.022,-0.0402,-0.0243,,,,-0.0997,,,,,,,,,,,,,
2011-11-16,16.0402,-61.6623,O,,-0.0041,-0.0067,-0.0136,-0.0143,,,,,,,,,0.0056,0.0072,0.0071,0.0078,0.0056,0.0006,-0.0058,-0.003,-0.0068,0.0034,0.002,-0.0017,-0.001,-0.0013,1e-04,0.0025,0.0015
2011-11-16,16.0402,-61.6623,S,0.0625,0.0494,0.039,0.0249,0.0186,0.0212,0.0219,0.0212,0.016,0.0096,0.0074,-0.0032,-0.0096,-0.0116,-0.004,-0.0063,-0.0044,-0.0077,-0.0091,-0.0032,0.0017,0.0048,0.0015,0.0041,-0.0021,0.0043,0.0011,0.0008,-0.0006,-0.0007
2011-11-16,16.0402,-61.6623,SE,,0.056,0.0385,0.0209,-0.0036,,,,,,,,,,1e-04,0.0077,-0.0015,-0.0013,-0.0017,-0.0028,-0.0057,-0.0057,-0.0002,-0.0072,-0.0087,-0.0065,-0.0007,0.0021,0.0075,0.0163
2011-11-16,16.0402,-61.6623,SO,,0.0197,0.0164,0.0168,0.0151,0.0168,0.0111,,,,,,,,0.0172,0.004,0.0033,0.0037,0.0023,1e-04,0.001,-0.0019,-0.0023,-0.0052,0.0008,0.0018,-0.0018,-0.0007,-0.0019,0.0027
2011-12-02,16.0437,-61.6639,E,0.1764,0.0858,0.0867,0.0935,0.0935,,,,,,,-0.0379,-0.0359,-0.0264,-0.0133,0.008,0.0184,0.0213,0.0225,0.0157,0.0019,-0.0071,-0.0018,0.0019,0.003,-0.0127,,,,
2011-12-02,16.0437,-61.6639,N,-0.1988,-0.2003,-0.2073,,,,,,,,,,,,,,,,,,,-0.0378,-0.0227,-0.0142,-0.0026,0.0036,0.0152,0.0245,0.0256,0.0273
2011-12-02,16.0437,-61.6639,NE,,0.0836,-0.0116,-0.0065,0.0061,,,,,,,,,,,,,,,,,,,-0.0013,-0.0073,-0.0057,0.0037,0.0045,-0.0003,-0.0048
2011-12-02,16.0437,-61.6639,NO,,,,,,,,,,,,,-0.0435,-0.0364,-0.0214,-0.0116,-0.0091,-0.0143,-0.016,-0.0119,-0.0074,-0.0139,0.0015,0.0049,0.003,0.0037,0.0027,0.0014,-0.0042,-0.0006
2011-12-02,16.0437,-61.6639,O,,,,,,,,,,0.0033,-0.0011,0.0062,0.0069,0.0066,0.007,0.0086,0.0004,0.006,-0.0009,0.0073,0.0076,0.0006,0.0014,0.0041,0.0054,0.0031,0.0014,-0.0043,-0.0052,-0.002
2011-12-02,16.0437,-61.6639,S,0.1674,,,,,,,,0.0325,0.0293,0.0276,0.0201,0.0124,-0.0008,-0.01,-0.012,-0.0118,-0.0122,-0.0123,-0.0124,-0.0125,-0.0125,-0.0127,-0.0129,-0.013,-0.0132,-0.0133,-0.0135,-0.0138,-0.0137
2011-12-02,16.0437,-61.6639,SE,,,,,,,,,-0.0158,-0.0136,-0.0174,-0.0177,-0.0136,-0.0117,-0.0116,-0.0131,-0.0129,-0.013,-0.0058,-0.0051,-0.0109,-0.0234,-0.0032,0.0103,0.0102,-0.0049,0.0084,0.0027,-0.0047,0.0045
2011-12-02,16.0437,-61.6639,SO,,,,,,,,,,0.0116,0.0175,0.0103,-0.0129,-0.0121,-0.0079,-0.0015,-0.0051,-0.0092,-0.005,-0.0021,-0.005,0.0017,0.0085,0.0173,0.0149,0.0214,0.0105,0.0103,0.0002,0.0003
2012-09-15,16.0402,-61.662,E,,,0.0726,0.067,,,,,,,,,,,,,,,,,,,,,,,,,,
2012-09-15,16.0402,-61.662,N,0.0379,0.0309,0.0029,-0.022,-0.0347,,,,,,,,,-0.0885,0.0854,-0.0802,-0.082,0.0138,0.0065,,,0.2589,-0.0344,-0.0383,-0.0371,-0.0396,-0.0385,-0.0214,-0.0087,-0.0056
2012-09-15,16.0402,-61.662,NE,,-0.4152,-0.4204,-0.466,-0.4422,,,,,,,,,,,,,,,-0.0491,0.001,0.0762,0.1174,-0.1348,-0.101,-0.1006,,,-0.0583,0.0488
2012-09-15,16.0402,-61.662,NO,,-0.0034,-0.0218,-0.0355,-0.051,-0.0322,,,,,,,,,,,-0.0142,-0.0115,-0.0006,-0.0012,0.0026,0.0024,0.0088,,,,,,,
2012-09-15,16.0402,-61.662,O,,0.0353,,,,,,,,,,,-0.0011,-0.0008,0.0012,0.0012,-0.0002,0.0048,-0.0011,-0.008,-0.0084,-0.0126,-0.0067,-0.011,-0.0044,0.0011,0.0075,0.0081,0.0085,0.0104
2012-09-15,16.0402,-61.662,S,0.0828,0.0791,0.0637,0.0465,0.0285,0.0218,0.009,0.0068,-0.0013,0.0003,0.0048,0.0074,0.0038,0.0029,-0.0039,-0.0074,,,-0.0061,-0.0055,-0.0051,-0.0048,-0.0022,0.0045,0.0031,-0.0031,-0.0031,0.0004,-0.0007,-0.0022
2012-09-15,16.0402,-61.662,SE,,0.0695,0.0532,0.0422,0.0189,0.0094,-0.01,,,,,,-0.0079,-0.0003,,,,,,,,,,0.0083,0.0015,0.005,-0.0039,-0.0041,-0.0055,
2012-09-15,16.0402,-61.662,SO,,-0.0061,-0.0055,-0.0182,-0.0315,,,,,,,,0.0287,0.0308,0.021,0.0164,0.0077,0.0035,0.0008,-0.0024,-0.0068,-0.0054,-0.0034,-0.0006,0.0031,0.0052,0.0054,0.0073,0.0068,0.0094
2012-12-20,16.0405,-61.6667,E,0.0244,0.0245,0.0201,0.0198,,,,,,,,,,,,,,,,,,,,,,,,,,
2012-12-20,16.0405,-61.6667,N,0.0205,0.0167,0.0083,0.0011,-0.0007,0.0058,0.0043,-0.0019,0.001,-0.0009,-0.0004,0.0047,0.0038,-0.0022,,,-0.0045,-0.0046,-0.0046,,-0.0038,,,,,,,,,
2012-12-20,16.0405,-61.6667,NE,,0.0205,0.0128,0.0113,0.0068,,,,,,,,,,,,,,,,,,,,,,,,,
2012-12-20,16.0405,-61.6667,NO,,0.0227,0.0168,0.0187,0.0202,0.0222,0.0155,0.007,0.003,0.0096,0.0162,0.0126,-0.0018,-0.0068,-0.0144,-0.017,,,,,,,,,,,,,,
2012-12-20,16.0405,-61.6667,O,,-0.017,-0.0174,-0.0171,-0.0077,-0.0025,0.0004,-0.0066,-0.0097,-0.0013,0.0025,-0.002,0.001,-0.0003,-0.0071,-0.0048,-0.0078,-0.0033,-0.0017,-1e-04,0.0008,,,,,,,,,0.0253
2012-12-20,16.0405,-61.6667,S,0.0246,0.0143,0.0044,-0.0014,-0.0028,0.0019,-0.0029,-0.0038,0.0006,-0.0033,0.0021,0.004,0.0016,0.0015,0.0004,-0.0017,-0.005,-0.006,-0.008,-0.0058,-0.0029,0.001,0.0019,-0.002,0.0007,0.0023,0.0029,0.0048,0.0046,0.0083
2012-12-20,16.0405,-61.6667,SE,,0.0214,0.0161,0.0152,0.0176,0.0075,0.0136,0.0126,0.0178,0.0196,0.0188,,,,,,0.01,0.008,0.0006,-0.0005,-0.0033,-0.0057,-0.0065,-0.0069,-0.0105,-0.008,-0.005,-0.0033,0.007,0.0047
2012-12-20,16.0405,-61.6667,SO,,0.0008,-0.0048,-0.0076,-0.0107,-0.0177,-0.0205,-0.014,-0.006,-0.0055,0.0129,0.0162,0.0071,0.0077,0.0075,-0.0003,0.0018,-0.0013,-0.0008,-0.0006,-0.0002,-0.0064,-0.0079,-0.0089,-0.0106,0.0003,-0.0067,0.0049,0.0105,0.0116
2013-02-22,16.0437,-61.6631,E,,0.0429,,,,,,,,,,,,,,,,,,,,,,,,,,,,
2013-02-22,16.0437,-61.6631,N,,,,,,,,,,,,,,,,,,,,,0.0318,0.0606,0.087,0.118,0.1243,0.1598,-0.028,-0.0928,-0.046,-0.0451
2013-02-22,16.0437,-61.6631,NO,,,,,,,,,,,-0.0323,-0.0229,-0.0199,-0.0237,-0.0279,,,-0.0264,-0.0738,-0.0838,-0.0864,-0.077,0.0762,0.0794,-0.0062,0.09,0.1098,-0.0056,-0.049,-0.0431
2013-02-22,16.0437,-61.6631,O,,0.1846,,,,,,,,0.0003,-0.0017,-0.0011,0.0051,0.0124,0.0014,,,,,,,0.0068,0.0111,0.0127,0.0097,0.0059,-0.0021,-0.0045,-0.0074,-0.0045
2013-02-22,16.0437,-61.6631,S,0.2293,0.2235,0.2232,0.2228,,,,,0.0309,0.0291,0.0217,-0.0032,-0.0083,-0.0104,-0.011,-0.0107,-0.0086,-0.0105,-0.0063,-0.0012,-0.002,0.0031,0.0061,0.0062,-0.0005,0.0041,0.0036,-0.0026,-0.0033,-0.0065
2013-02-22,16.0437,-61.6631,SE,,0.2164,0.0345,0.0351,,,,,,,,,-0.0085,-0.009,-0.0093,-0.0084,-0.0004,0.0099,0.0168,0.0169,0.0149,-0.0028,-0.0043,-0.0106,-0.011,-0.0114,-0.0082,-0.0045,0.0062,0.0144
2013-02-22,16.0437,-61.6631,SO,,0.161,0.1583,0.1583,,0.0162,0.0078,0.0157,0.0191,0.0137,0.012,0.0005,-0.0042,-0.0091,-0.013,-0.015,-0.015,-0.0135,-0.0127,-0.0092,-0.0054,-0.0041,0.003,0.0034,0.0015,0.0041,0.0108,0.0076,0.004,0.004
2013-05-05,16.048,-61.6642,E,,0.0652,0.0539,,,,,,,,0.0,0.0,0.0,,,,,,,,,,,,,,,,,
2013-05-05,16.048,-61.6642,N,,,,,,,,,,,,,,,,,,,,,,0.0164,0.0159,0.0058,0.0034,-0.0077,-0.0095,-0.003,-0.0086,-0.0021
2013-05-05,16.048,-61.6642,NO,,,,,,,,,,,,,,,,,,,,,,,,,0.0043,-0.0008,-0.0025,-0.0011,-0.0084,-0.0095
2013-05-05,16.048,-61.6642,S,,0.057,0.053,0.051,0.0463,0.039,0.0336,0.0265,0.0153,-0.0026,-0.0186,-0.0174,,,,,,,,,,,,,,,,,,
2013-05-05,16.048,-61.6642,SE,0.0259,0.0242,0.0266,0.0241,0.0217,0.0137,0.0066,-0.0012,-0.0008,0.0032,,,,,,,,,,,,,,,,,,,,
2013-05-05,16.048,-61.6642,SO,0.0781,,,0.0659,0.0609,0.0529,0.0349,0.0186,0.0004,-0.0036,,,,,,,,,,,,,,,,,,,,
2013-08-25,16.044,-61.6639,E,0.0295,0.0306,0.0297,,,,,,,,,-0.0034,-0.0035,-0.0029,-0.0021,0.0072,0.0104,0.0084,0.0122,-0.0014,-0.0018,-0.0015,-0.0015,-0.0092,-0.0098,-0.0108,-0.0048,-0.009,-0.0098,-0.0082
2013-08-25,16.044,-61.6639,N,-0.1867,-0.1905,-0.2005,,,,,,,,,,,,,,,,,,,-0.0523,-0.0243,-0.0185,-0.0083,0.0088,0.0044,0.0159,0.0192,0.0023
2013-08-25,16.044,-61.6639,NE,,0.0308,0.0308,0.0296,,,,,,,,,,,,,,,,,,,,0.0,0.0,0.0,0.0,0.0,0.0,0.0
2013-08-25,16.044,-61.6639,NO,,0.0386,0.0366,0.0359,,,,,,,,,-0.0086,-0.0052,-0.0006,0.0033,0.005,-0.0126,-0.012,-0.0094,-0.0071,-0.0081,-0.0064,-0.0072,-0.0041,0.0057,-0.0043,0.005,-0.0222,-0.0134
2013-08-25,16.044,-61.6639,O,,0.0872,0.0851,0.0839,0.0249,0.0239,0.0237,0.0221,0.0211,0.0199,0.0165,-0.0031,-0.0033,-0.004,-0.006,-0.0083,-0.0091,-0.0097,-0.0098,-0.0021,0.0003,0.001,0.0041,0.0068,0.0089,0.0089,0.0039,0.0046,0.0054,0.0081
2013-08-25,16.044,-61.6639,S,0.0929,,,,,,,,0.0022,0.0006,0.0007,0.0003,0.0006,0.0008,0.0015,0.0013,0.0005,0.0007,-0.0029,-0.0032,-0.0044,-0.0046,-0.0012,-0.0015,-0.0017,-0.0017,1e-04,1e-04,-0.0031,-0.0018
2013-08-25,16.044,-61.6639,SE,,,,,,,,,-0.007,-0.0073,-0.0077,-0.0062,-0.0071,-0.0048,-0.0022,-0.002,-0.0012,0.0009,0.0009,0.0015,0.0052,0.0045,0.0046,0.0042,-0.0006,-0.0008,-0.0021,-0.0084,-0.0068,-0.003
2013-08-25,16.044,-61.6639,SO,,,,,0.0173,0.0175,0.0126,0.0123,0.0098,0.0053,-0.0017,-0.0068,-0.0069,-0.0078,-0.0061,-0.0048,-0.0042,-0.0033,-0.0014,0.0005,0.0015,0.007,0.0072,0.0082,0.0031,0.005,0.0051,0.0047,-0.0008,0.0042
2013-11-05,16.0421,-61.6678,E,0.0285,,,,,,,,,,,,,,,,,,,,,,,,,,,,,
2013-11-05,16.0421,-61.6678,N,0.0416,0.0352,0.0352,0.0351,0.0286,0.0195,,,,,,,,,,,,,,,,,,,,,,,,
2013-11-05,16.0421,-61.6678,NE,,0.0288,,,,,,,,,,,,,,,,,,,,,,,,,,,,
2013-11-05,16.0421,-61.6678,NO,,0.0319,0.0253,0.0191,0.0081,0.0032,-0.0027,-0.0029,-0.003,-0.003,-0.0031,-0.0031,-0.0032,-0.0033,-0.0034,-0.0035,-0.0035,0.0018,0.0069,0.0035,-0.0038,-0.004,-0.0041,-0.0039,,,,,-0.0026,-0.0038
2013-11-05,16.0421,-61.6678,O,,0.0121,0.0094,1e-04,-0.0014,-0.0127,-0.0149,-0.006,-0.0062,-0.0023,0.0037,0.0119,0.0172,0.016,0.0137,0.0044,-0.0029,-0.0028,-0.0049,-0.0007,0.0014,0.0068,-0.0071,,,,,,,
2013-11-05,16.0421,-61.6678,S,0.0438,0.0366,0.0198,0.0039,,,,,-0.0031,0.0022,-1e-04,0.0071,0.0032,0.0071,-1e-04,-0.0024,-0.0048,-0.0037,-0.0037,0.0055,-0.0012,-0.0073,-0.0043,-0.001,0.0059,0.0002,0.005,0.0047,0.0051,0.0063
2013-11-05,16.0421,-61.6678,SE,,0.022,,0.003,0.0038,,,,,,,,,,,,,,,,,,,,,,,,,
2013-11-05,16.0421,-61.6678,SO,,0.0217,0.0119,0.0115,0.0054,0.0146,0.0105,0.0027,-0.003,0.003,0.001,0.0056,0.0059,0.0049,0.0073,0.0003,-0.0012,-0.0025,-0.0097,-0.0072,-0.0037,-0.0011,-0.0003,0.0009,0.0004,0.0051,0.0008,0.0053,0.0051,0.0041
2014-12-18,16.0426,-61.6676,E,-0.0053,-0.0097,-0.0132,-0.0071,-0.0052,-0.0026,-0.0014,-0.0045,-0.0053,-0.0062,-0.0035,-0.0055,-0.0069,-0.0019,,0.0105,0.0074,-0.0019,-0.0081,-0.0069,-0.0102,-0.0128,-0.0063,0.0039,0.0038,0.0071,0.0141,0.0189,0.0152,0.0016
2014-12-18,16.0426,-61.6676,N,,0.0219,0.0144,,,,,,,,,,,,,,,,,,,,,,,,,,,
2014-12-18,16.0426,-61.6676,NE,,0.0231,0.0184,,,,,,,,,,,,,,,,,,,,,,,,,,,
2014-12-18,16.0426,-61.6676,NO,0.0232,0.0171,0.0143,0.0123,0.0094,0.0074,,,-0.0004,-0.0005,,,,,,,,-0.0011,-0.0007,-0.0003,,,,,,,,,,
2014-12-18,16.0426,-61.6676,O,,0.0247,0.022,0.0191,0.0162,0.0122,0.0078,0.0046,0.0,-0.0004,,,,-0.0003,0.0002,0.0006,,,,,,,,,,,,,,
2014-12-18,16.0426,-61.6676,S,0.0233,0.0169,0.0113,0.0076,0.0059,0.0102,0.0028,0.0032,0.0047,0.0026,0.0023,0.001,-0.0085,-0.0077,-0.0024,-0.0062,-0.0112,0.0003,1e-04,-0.0016,-0.0012,-0.0026,-0.0004,0.02,0.0322,,-0.0029,0.0003,-0.0005,-0.0016
2014-12-18,16.0426,-61.6676,SE,,-0.0012,-0.0062,-0.0065,-0.0067,-0.0057,-0.0033,-0.007,-0.0113,-0.0084,-0.0102,-0.0105,-0.0106,-0.0107,-0.0114,-0.0104,-0.0095,-0.006,0.0004,0.0086,0.0182,0.0254,0.032,0.0397,0.0393,,,,,
2014-12-18,16.0426,-61.6676,SO,,0.027,0.0169,0.0135,0.0101,0.008,0.0031,-0.0014,0.013,-0.0038,-0.0047,0.0035,0.0064,-0.0043,-0.0046,-0.0036,-0.0075,-0.0086,,-0.0064,-0.0071,,,,,,,,,
2015-04-25,16.0443,-61.6684,E,0.0069,0.0067,0.0027,-0.002,-0.0053,-0.0056,-0.0056,-0.0055,-0.0055,-0.0049,-0.0027,0.0002,0.0028,0.0032,0.0046,0.0052,0.0071,0.0072,0.0078,0.006,0.004,0.0007,-0.0007,-0.0028,-0.0054,-0.0059,-0.0065,-0.0065,-0.0065,-0.0065
2015-04-25,16.0443,-61.6684,N,,0.0098,0.0042,0.0,0.0,0.0,0.0,0.0,0.0,,,,,,,,,,,,,,,,,,,,,
2015-04-25,16.0443,-61.6684,NE,,0.0093,0.0052,0.0,0.0,0.0,0.0,0.0,,,,,,,,,,,,,,,,,,,,,,
2015-04-25,16.0443,-61.6684,NO,0.0319,0.0324,0.0312,0.0302,0.0243,0.0232,,,,,,,,,,,,,,,,,,,,-0.0101,0.0003,0.0017,-0.0046,-0.0063
2015-04-25,16.0443,-61.6684,O,,0.007,0.0061,0.0037,0.0045,0.0048,0.0055,0.0076,0.009,0.0107,0.0118,0.0095,0.0034,-0.0076,-0.0064,-0.0063,-0.006,-0.0058,-0.0058,-0.0061,-0.007,,-0.0081,-0.0083,,-0.0086,,-0.0066,-0.0086,-0.0095
2015-04-25,16.0443,-61.6684,S,0.0027,0.0038,0.003,0.0032,0.0028,0.0022,0.0034,0.0025,0.0025,0.0016,0.0031,-0.0004,-0.0012,-0.001,0.0004,-1e-04,-0.001,-0.0022,-0.0034,-0.0003,0.0018,0.0031,0.0036,-0.0007,-0.0033,-0.003,-0.0022,-0.003,-0.0029,-0.0037
2015-04-25,16.0443,-61.6684,SE,,0.005,0.0042,0.0023,-0.0042,-0.0045,-0.0071,-0.0065,-0.0068,-0.0052,-0.0055,-0.0035,-0.0016,-0.0002,0.0017,0.0041,0.0034,0.0093,0.0049,0.0037,0.0015,0.0003,-0.0026,-0.0005,-0.0011,0.0002,-0.0,-0.0018,-0.0079,-0.0061
2015-04-25,16.0443,-61.6684,SO,,-0.0006,1e-04,-0.001,-0.0016,-0.0023,-0.0024,-0.001,0.0002,0.0013,0.0033,0.0033,0.0028,0.0032,0.0014,0.0019,0.0016,-0.0023,1e-04,-0.002,-0.0026,0.0028,0.0057,0.0083,0.0091,0.0015,-0.003,-0.001,-0.0016,-0.0019
2015-05-27,16.0478,-61.665,O,,0.0468,0.0394,,,,,,,,,,,,,,,,,,,,,,,,,,,
2015-05-27,16.0478,-61.665,S,,0.0117,0.0089,0.0027,-0.0053,-0.0142,-0.0209,-0.0274,,,,,,,,-0.0298,-0.0272,-0.0262,-0.0168,-0.0179,-0.0093,-0.0049,0.0096,0.016,0.0152,0.0175,0.0049,-0.0152,-0.028,-0.0303
2015-05-27,16.0478,-61.665,SE,,0.0694,,0.0494,0.0399,0.0303,0.0306,0.0157,0.0004,-0.0036,-0.0019,0.0008,-0.0042,-0.0074,-0.0044,-0.0049,-0.0072,-0.0079,-0.008,-0.0023,-0.0029,0.0004,-0.0022,0.0071,0.0083,0.0086,0.0095,0.0068,0.0042,-0.0009
2015-05-27,16.0478,-61.665,SO,0.005,0.0012,-0.0004,-0.0009,-0.0036,0.0045,0.0029,0.0036,-0.0047,-0.0106,,0.0057,,,,,,,,,,,,,,,,,,
2015-10-18,16.041,-61.6631,S,0.0154,0.0,,,,,,,,,,,,,,,,,,,,,,,,,,,,
2016-03-02,16.0426,-61.6678,NO,-0.0006,,,,,,,,,,,,,-0.0095,-0.0089,-0.0153,,,,,,,,,,,,,,
2016-03-02,16.0426,-61.6678,O,,-0.0134,,,,,,,,,-0.013,-0.0083,-0.0148,-0.0036,-0.0025,-0.0043,0.0056,0.0113,,,,,,,,-0.0039,0.0014,-0.0012,-0.0059,-0.0106
2016-03-02,16.0426,-61.6678,S,0.0157,0.0118,0.009,0.0071,0.0059,0.0015,-0.0027,-0.0059,-0.0077,-0.0107,-0.0125,-0.01,-0.0151,-0.0157,-0.0094,-0.0109,-0.0095,-0.0072,-0.0101,-0.0133,-0.0061,0.0029,0.0069,0.0089,0.0116,0.0098,0.0066,0.0039,0.0089,0.0111
2016-03-02,16.0426,-61.6678,SE,,-0.0006,,,,,,,-0.0013,1e-04,-0.0004,1e-04,-0.0042,-0.0044,-0.0025,-0.0091,-0.0076,-0.0058,-0.0028,0.0033,0.0058,-0.0045,-0.0105,,,,,,,
2016-03-02,16.0426,-61.6678,SO,,,-0.0245,,-0.0247,,,,,,,,,,,,,,-0.03,-0.0257,-0.0212,-0.0145,-0.0079,-0.0018,0.0176,0.0183,0.0132,0.0188,-0.0018,-0.0038
2016-10-20,16.0416,-61.6679,E,0.0,0.0,,,,,,,,,,,,,,,,,,,,,,,,,,,,
2016-10-20,16.0416,-61.6679,N,0.0,,,,,,,,,,,,,,,,,,,,,,,,,,,,,
2016-10-20,16.0416,-61.6679,NO,,,,,-0.0013,-0.0013,-0.0013,-0.0013,-0.0008,0.0015,-0.0004,-0.0015,0.0009,,,,,,,,,,,,,,,,,
2016-10-20,16.0416,-61.6679,O,,-0.0084,-0.008,-0.0054,-0.002,-0.001,-0.0031,0.0004,0.0007,-0.0051,,,,,,,,,,,,,,,,,,,,
2016-10-20,16.0416,-61.6679,S,-0.0095,-0.0108,-0.0117,-0.0124,-0.0129,-0.0134,-0.0145,-0.0149,-0.0142,-0.0102,-0.0045,-0.002,-0.001,-0.0016,-0.0015,-0.0027,-0.001,-0.0009,-0.0019,-0.0006,-0.0018,0.0039,0.0042,0.0041,0.006,0.0063,0.0045,0.0032,0.0025,0.0056
2016-10-20,16.0416,-61.6679,SE,,-0.0033,,-0.0049,-0.0073,,,,-0.0126,-0.0096,-0.0073,-0.0048,-0.001,0.0065,0.0084,0.0129,0.0099,0.0059,0.0019,-0.003,-0.003,-0.0076,-0.0045,-0.0024,-0.0041,-0.0057,-0.0068,-0.007,-0.0059,-0.0044
2016-10-20,16.0416,-61.6679,SO,,-0.014,-0.0142,-0.0097,-0.0035,-0.0022,-0.001,-0.0013,0.0002,0.0005,1e-04,-0.0002,-0.0002,0.0007,0.0018,0.0,0.0002,0.0004,0.001,,,,,,,,,,,
2017-02-25,16.0405,-61.6667,N,0.0,0.0,0.0,0.0,0.0,0.0,,,,,,,,,,,,,,,,,,,,,,,,
2017-02-25,16.0405,-61.6667,NO,,0.0947,0.0855,0.0743,0.0643,0.0425,0.0196,0.0141,0.0093,0.0102,0.0051,0.0089,-0.007,,,,,,,,,,,,,,,,,
2017-02-25,16.0405,-61.6667,O,,-0.0408,-0.0308,-0.0253,-0.0183,-0.0131,-0.0085,-0.0059,-0.0044,-0.0013,0.0053,0.0066,0.0075,0.0054,-0.0005,0.0023,-0.0004,-0.0058,-0.0054,-0.0045,-0.0012,-0.0005,-0.0007,-0.0003,0.0008,0.0027,0.0036,0.0031,0.0015,0.005
2017-02-25,16.0405,-61.6667,S,-0.0002,0.0066,0.0126,0.0097,0.0078,0.0071,0.0058,0.0035,0.004,0.0019,0.0033,0.0024,-0.0035,-0.0043,-0.0046,-0.0051,-0.0004,-0.0046,-0.005,-0.0016,-0.0045,-0.0055,-0.0039,-0.0059,-0.0037,-0.0033,0.0039,0.0041,0.0003,
2017-02-25,16.0405,-61.6667,SE,,,,,-0.0006,-0.0005,-0.0005,-0.0004,-0.0004,-0.0004,-0.0004,-0.0003,-0.0003,-1e-04,-1e-04,,,,,,,,,,,,,,,
2017-02-25,16.0405,-61.6667,SO,,-0.0288,-0.0229,-0.0178,-0.0166,-0.0184,-0.0168,-0.0138,-0.0128,-0.0129,-0.0023,0.0089,0.0013,0.0095,0.008,0.0075,0.0069,0.0055,0.0062,0.0023,0.0026,0.0023,0.0022,0.0022,-0.0011,-0.0032,-0.0057,-0.0017,-0.0019,-0.0063
2017-03-29,16.041,-61.6617,E,,,,,,,,,,,,,,,,,,,,,,,,,,,,0.0005,-0.0007,0.0005
2017-03-29,16.041,-61.6617,N,0.066,0.0571,0.0441,,,,,,,,0.0,0.0,,,,,,,,,,,,,,,,,,
2017-03-29,16.041,-61.6617,NE,,,,,,,,,,,,,,,,,,,,,,,,0.0018,,0.0085,-0.0005,-0.0028,-0.0046,-0.0086
2017-03-29,16.041,-61.6617,NO,,0.0159,,,,,,,,,,,,,,,,,,,,,,,,,,0.0002,-0.0041,1e-04
2017-03-29,16.041,-61.6617,O,,,0.0304,,,,,,,0.0094,0.0063,0.0094,0.0048,0.0011,-0.0059,-0.0097,-0.0078,-0.0027,-0.0023,-0.0025,-0.0005,0.0032,-0.002,-0.0027,-0.0008,0.0004,0.0009,0.0016,0.0025,0.0041
2017-03-29,16.041,-61.6617,S,0.0655,,,,,,,,,,,,,,,,,,,,,,,,,,,,,
2017-03-29,16.041,-61.6617,SE,,,,,,,,,,,,,,,,,,,,,,,-0.0077,-0.0063,-0.0051,-0.0044,-0.0037,0.0011,0.0074,-0.0036
2017-03-29,16.041,-61.6617,SO,,0.0069,1e-04,0.005,-0.0025,-0.0015,-0.0055,-0.0033,-0.0012,-0.0029,-0.0069,-0.0044,-0.003,-0.0009,-0.003,0.0037,0.0037,0.0078,0.0045,0.0122,0.0051,0.0043,0.0062,0.003,0.0031,0.0004,-0.0007,-0.0016,-0.0008,-0.0066
2017-04-14,16.0454,-61.6684,E,0.0056,0.006,0.0068,0.0066,0.0048,0.0014,-0.0012,-0.0026,-0.0028,0.0002,0.0005,0.0032,0.0056,0.0063,0.0068,0.0065,0.0062,0.0006,-0.0018,-0.0042,-0.0043,-0.016,-0.0264,,,,,,,
2017-04-14,16.0454,-61.6684,N,,0.0187,0.0138,0.0049,0.0,,,,,,,,,,,,,,,,,,,,,,,,,
2017-04-14,16.0454,-61.6684,NE,,0.0065,0.0107,0.0124,0.0126,,,,,,,,,,,,,0.002,-0.0013,0.0006,,,,,,,,,,
2017-04-14,16.0454,-61.6684,NO,0.0247,0.0176,0.0125,0.0051,0.0045,0.0055,0.0032,0.0021,,,,,,,,,,0.001,0.0006,0.0018,0.001,0.0006,0.0004,-0.0011,-0.0026,-0.0012,-1e-04,-1e-04,-0.0026,-0.0028
2017-04-14,16.0454,-61.6684,O,,0.0149,0.0135,0.0059,0.0035,-0.0007,-0.0068,-0.0065,-0.0071,-0.0066,-0.0058,-0.0047,0.0017,0.0013,-0.0032,0.0039,0.0015,0.0067,0.0055,0.0083,0.0088,0.0087,0.0054,0.0007,-0.0025,-0.0042,-0.0052,-0.0073,-0.009,-0.0102
2017-04-14,16.0454,-61.6684,S,0.008,0.0076,0.004,0.0036,1e-04,0.0016,0.0005,-0.0021,-0.0013,-0.0013,-0.002,-0.0012,-0.0006,0.0049,0.0069,0.0054,0.0062,0.0086,0.0048,0.0,-0.001,-0.0018,-0.0014,0.0006,-0.0008,-0.0014,-0.0024,-0.0054,-0.0069,-0.0082
2017-04-14,16.0454,-61.6684,SE,,-0.0089,-0.0159,-0.0186,-0.0233,-0.0205,-0.0188,-0.0146,-0.0096,-0.0059,0.0009,0.0074,0.0123,0.0131,0.0148,0.0126,0.0091,0.0059,0.003,-0.0006,-0.0036,-0.0064,-0.0113,-0.0103,-0.0109,-0.0098,-0.0091,-0.0076,-0.0071,-0.0021
2017-04-14,16.0454,-61.6684,SO,,0.0045,0.0053,0.0034,0.0055,0.0054,0.0049,0.0025,0.0016,0.0006,0.0008,0.0004,0.0006,0.0032,0.0063,0.0085,0.0077,0.0066,0.0028,0.0027,0.0027,0.0017,0.0019,-0.0005,0.0019,-0.0005,-0.0028,0.0004,0.0003,-0.0007
2017-04-30,16.0478,-61.6656,E,-0.0234,-0.0225,-0.023,-0.0212,-0.0228,-0.0241,-0.0256,-0.0298,-0.0301,-0.0262,-0.0253,-0.0266,-0.0289,-0.0225,-0.015,-0.0098,-0.0033,0.0007,0.0033,0.0047,0.0053,0.0057,0.0082,0.0118,0.0135,0.0155,0.0159,0.0154,0.0139,0.0119
2017-04-30,16.0478,-61.6656,N,0.034,0.0322,0.0297,0.0268,0.0239,,,,,,,,,,,,,,,,,,,,,,0.0129,0.0061,-0.0038,-0.0089
2017-04-30,16.0478,-61.6656,NE,,-0.023,-0.0237,-0.0252,-0.0258,-0.0257,,,,,,,,,,,,,,,,-0.0053,-0.0067,-0.0009,0.0013,0.0033,-0.0004,0.0038,0.0047,0.0081
2017-04-30,16.0478,-61.6656,NO,,0.0332,0.0286,0.0207,0.0124,,,,,,,,0.0044,0.0037,0.0031,0.001,-0.0019,-0.0045,-0.0069,-0.009,,,,,,,,-0.0039,-0.0021,0.0017
2017-04-30,16.0478,-61.6656,O,,0.0366,0.0322,0.0259,0.0176,0.008,-0.0005,-0.0178,-0.0239,-0.025,-0.0234,-0.0205,-0.0191,-0.0158,-0.0103,-0.0057,-0.002,0.0014,0.0071,0.0106,0.0122,0.011,0.0085,0.0047,0.0011,-0.0023,-0.003,-0.0029,-0.0032,-0.0043
2017-04-30,16.0478,-61.6656,S,,-0.0084,-0.009,-0.0122,-0.0157,-0.0154,-0.021,-0.0217,-0.0206,-0.017,-0.0149,-0.0105,-0.0056,-0.0048,-0.0013,0.0006,0.0007,-0.0004,-0.0003,-0.0009,0.0004,0.0026,0.0062,0.0098,0.0133,0.0164,0.0184,0.0177,0.0157,0.0151
2017-04-30,16.0478,-61.6656,SE,,-0.014,-0.0129,-0.0131,-0.0127,-0.01,-0.0081,-0.0068,-0.0041,-0.0013,0.0005,0.0023,0.0033,0.0044,0.007,0.0049,0.0042,0.002,0.004,0.0019,0.0003,-0.0026,-0.0018,-0.0023,-0.0,0.0008,0.0037,0.0051,0.0067,0.0068
2017-04-30,16.0478,-61.6656,SO,0.0339,0.0318,0.0277,0.0213,0.016,0.0102,0.0013,-0.0038,-0.005,-0.014,-0.0138,-0.0064,-0.0072,-0.0116,0.0031,0.0108,0.0145,0.0138,0.0196,0.017,0.0177,0.0109,0.0073,0.0024,-0.0019,-0.0055,-0.0054,-0.005,-0.0057,-0.0045
2017-06-01,16.044,-61.6639,E,0.0447,0.0474,0.049,,,,,,,,,0.0116,0.0134,0.0158,0.0169,0.0249,0.0231,0.0153,0.0149,0.0052,-0.0006,0.0011,-0.0063,-0.0116,-0.0151,-0.0282,-0.0167,-0.0247,-0.0253,-0.0264
2017-06-01,16.044,-61.6639,N,-0.2237,-0.2256,-0.2347,,,,,,,,,,,,,,,,,,,-0.0487,-0.0169,-0.0107,-0.0029,0.0085,0.0037,0.0155,0.013,-0.0022
2017-06-01,16.044,-61.6639,NE,,0.0125,0.0143,0.0154,,,,,,,,,,,,,,,,,,,,-0.0013,-0.0007,-0.0002,-0.0007,-0.0007,-0.001,-0.0008
2017-06-01,16.044,-61.6639,NO,,-0.0034,-0.0072,-0.0072,,,,,,,,,-0.0259,-0.0209,-0.0139,-0.0074,-0.0051,-0.0247,-0.0246,-0.0209,-0.0183,-0.0158,-0.0147,-0.0078,-0.003,0.009,0.0037,0.0088,-0.0056,0.0004
2017-06-01,16.044,-61.6639,O,,0.07,0.067,0.0652,0.0129,0.0134,0.0136,0.0136,0.0135,0.0117,0.0114,-0.0002,0.0005,-0.009,-0.0034,-0.0032,-0.0046,-0.006,-0.0077,-0.0028,-0.0015,-0.0019,-1e-04,0.0041,0.005,0.0055,0.0049,0.0041,0.0032,-0.0012
2017-06-01,16.044,-61.6639,S,0.0847,,,,,,,,-0.0065,-0.0066,-0.0061,-0.0053,-0.0038,-0.0026,0.0003,0.0035,0.003,0.0026,0.0019,0.0005,0.0015,0.0019,0.0002,0.0033,0.002,0.0017,0.001,0.0017,0.0015,0.0002
2017-06-01,16.044,-61.6639,SE,,,,,,,,,0.0031,0.0061,0.0044,-0.0008,-0.0029,-0.0065,-0.0162,-0.0106,-0.0071,-0.008,-0.0048,-0.0054,-0.0055,-0.0039,-0.0007,0.0185,0.0047,0.0056,0.0032,-0.0006,-0.0011,0.0024
2017-06-01,16.044,-61.6639,SO,,,,,0.0132,0.0133,0.0063,0.0075,0.0083,0.009,0.0031,-0.0013,-0.0016,-0.0054,-0.0041,-0.0009,0.0009,-0.0014,0.0012,-0.0011,-0.0028,1e-04,-0.0017,-0.0015,-0.0013,-0.001,-0.0005,0.0007,0.0033,0.004
2018-02-28,16.0432,-61.6631,E,,,0.1196,0.0126,0.0109,0.0063,0.0011,,,,,,,,,,,,0.0,,,,,,,,,,,
2018-02-28,16.0432,-61.6631,N,,,,,,,,,,,,,,,,,,,,0.0853,0.0786,0.0504,0.0558,0.0241,0.0232,0.0569,-0.0448,-0.0588,-0.0649,-0.0601
2018-02-28,16.0432,-61.6631,NE,,,,,,,,,,,,,,,,,,,,,0.0081,0.0088,0.009,0.0038,-0.0036,-0.004,-0.0049,-0.0051,-0.0045,-0.004
2018-02-28,16.0432,-61.6631,NO,,,,,,,,,0.0011,0.0005,0.0009,0.0019,0.0,0.0018,,,-0.0371,-0.0374,-0.038,-0.0402,0.0056,0.054,0.0067,0.0671,-0.0343,0.0013,0.0134,0.0047,0.001,-0.0012
2018-02-28,16.0432,-61.6631,O,,,,,,,,0.0004,0.001,0.0,-0.0002,-0.0027,-0.0054,-0.005,-0.0048,-0.0007,0.0031,0.0039,0.0065,0.0065,0.0083,0.0097,0.0071,0.0028,0.0,-0.0017,-0.0037,-0.0044,-0.0058,-0.0093
2018-02-28,16.0432,-61.6631,S,0.13,0.1237,0.1175,0.1047,0.0282,0.0245,0.0168,0.0039,0.0038,0.0019,0.0086,-0.0046,-0.0052,-0.0053,-0.0056,-0.0058,-0.006,-0.0062,-0.0064,-0.006,-0.0039,0.0003,0.0033,0.0006,0.0006,0.0024,0.0025,0.0005,-0.0005,0.0003
2018-02-28,16.0432,-61.6631,SE,,0.1208,0.1093,,,0.0046,0.0,,,,,,,,,,0.0,0.0,0.0,0.0,0.0,,,,,,,,,
2018-02-28,16.0432,-61.6631,SO,,,,,-0.005,0.0086,0.0004,0.0074,0.0033,-0.002,0.0025,-0.0009,0.002,-0.0025,0.0022,0.0025,0.0047,0.0042,0.0044,0.003,0.0044,0.0033,-0.0005,0.0013,0.0004,-0.0032,-0.0055,-0.0059,-0.0063,-0.0042
2018-10-26,16.0448,-61.6631,N,,,,,,,,,,,,,,,,,,,0.0184,0.0126,0.009,0.0084,0.0069,-0.003,-0.0028,0.0013,-0.0024,-0.0018,0.0012,-0.0048
2018-10-26,16.0448,-61.6631,NE,,,,,,,,,,,,,,,,,,,,,,,,,-0.0091,-0.006,-0.0052,-0.0075,-0.0071,-0.0092
2018-10-26,16.0448,-61.6631,NO,,,,,,,,,,,,,,,,,,,,,-0.0276,-0.0303,-0.0257,-0.0199,-0.0037,-0.0116,-0.0191,-0.0088,0.0023,0.0162
2018-10-26,16.0448,-61.6631,S,0.0438,,,,,,,,,,,,,,,,,,,,,,,,,,,,,
2018-10-26,16.0448,-61.6631,SE,,,,,,,,,-0.0178,-0.0159,-0.0129,,,,0.0165,0.0091,0.0036,0.0008,-0.0,-0.0037,-0.0072,0.0008,-0.0041,-0.0029,-0.0022,-0.0006,,,,
2018-11-11,16.0405,-61.6665,E,0.1438,0.1286,0.1171,0.1115,0.1046,0.0984,0.0917,0.0782,0.0652,0.0481,0.0424,0.033,0.0263,0.0164,0.0086,0.0036,-0.001,-0.0073,-0.0105,-0.0209,-0.0176,-0.0077,-0.0171,-0.0254,-0.0308,-0.0286,-0.0249,-0.0122,-0.0042,0.003
2018-11-11,16.0405,-61.6665,N,0.0649,0.0609,0.0515,0.045,0.0332,0.0135,-0.0067,-0.0132,-0.0137,-0.0079,-0.0073,0.0101,0.0192,0.0191,0.0208,0.0166,0.0003,0.0019,-0.0018,0.0003,0.0077,0.0127,0.0183,0.0214,0.0126,0.0006,-0.008,0.0005,-0.0084,-0.0159
2018-11-11,16.0405,-61.6665,NE,,0.069,0.0601,0.0596,0.0524,0.0413,0.0278,0.0137,0.0025,-0.0134,-0.0148,-0.0295,,0.0111,0.0101,0.0146,0.0226,-0.0016,-0.0088,-0.0085,,,,,,,,,,
2018-11-11,16.0405,-61.6665,NO,,-0.0211,-0.0261,-0.0279,-0.029,-0.0163,-0.0128,-0.0116,0.0073,0.0137,0.0091,0.0299,0.0316,0.0301,0.0216,0.0034,-0.0069,-0.0029,-0.0193,-0.0107,-0.0143,-0.0087,-0.0067,0.0123,0.0121,-0.003,-0.0235,-0.0046,-0.0119,-0.0075
2018-11-11,16.0405,-61.6665,O,,0.0007,0.0051,0.0052,0.0087,0.0121,0.0108,0.0008,0.009,-0.0005,0.0053,0.006,0.0142,0.0147,0.0085,0.0028,0.0013,-0.0104,-0.0203,-0.035,-0.0422,-0.0399,-0.0322,-0.0205,-0.0029,0.0182,0.0368,0.0429,0.0503,0.0585
2018-11-11,16.0405,-61.6665,S,0.15,0.1434,0.1321,0.1118,0.0851,0.0464,0.0605,0.0383,0.0328,0.0344,0.0269,0.0215,-0.0025,0.021,-0.0037,-0.0175,-0.0325,-0.0272,-0.0149,-0.0103,-0.0059,-0.0098,-0.0105,-0.0042,-0.0072,-0.0069,0.0006,0.0044,0.0085,0.0112
2018-11-11,16.0405,-61.6665,SE,,0.1701,0.1542,0.1261,0.0998,0.0559,0.0232,-0.0096,0.0161,-0.0045,0.0144,0.0378,0.0221,0.0297,0.027,0.0168,0.0083,0.0014,-0.0038,-0.0097,-0.0066,-0.0101,-0.0253,-0.0215,-0.0153,-0.0115,-0.0033,-0.0011,0.0031,0.0079
2018-11-11,16.0405,-61.6665,SO,,0.0873,0.0845,0.081,0.0731,0.0599,0.0531,0.0438,0.0271,0.0244,0.023,0.012,-0.004,-0.0137,-0.0276,-0.0352,-0.0414,-0.045,-0.043,-0.0521,-0.0278,-0.0177,0.0223,0.0126,0.0527,0.023,0.0191,0.0026,-0.0022,-0.0007
2019-04-20,16.0483,-61.6653,E,0.0,0.0,0.0,,,,,,,,,,,,,,,,,,,,,,,,,,,
2019-04-20,16.0483,-61.6653,N,,,,,,,,,,,,,,,,,,,,,,,,,,0.0022,0.002,0.0016,-0.0048,
2019-04-20,16.0483,-61.6653,NO,,,,,,,,,,,,,,,,,,,,,,,,,,,,,0.0,0.0
2019-04-20,16.0483,-61.6653,S,,,0.0009,0.0003,-1e-04,-0.0015,-0.0022,-0.0029,-0.0028,-0.0026,-0.0024,-0.0012,-1e-04,0.0006,1e-04,0.0003,0.0018,0.0022,0.0005,0.0023,0.0031,0.0038,0.0049,0.0048,0.005,0.0047,-0.0019,-0.0038,-0.0014,-0.0036
2019-04-20,16.0483,-61.6653,SE,,0.0006,0.0004,0.0002,1e-04,-1e-04,0.0003,,,,,,,,,,,,,,,,,,,,-0.0012,-0.0011,-0.0007,0.0012
2019-04-20,16.0483,-61.6653,SO,0.0041,,,,,,,,,,,,,,,-0.0028,-0.0008,-0.0003,-0.0008,-0.0046,-0.0026,-0.0048,-0.0018,-0.0051,-0.0037,-0.0035,-0.0026,-0.0032,-0.002,-0.0021
2019-09-11,16.0415,-61.6642,E,,,,,,,,,,,,,,,,,,,,,,,,,,,,,-0.0,-0.0027
2019-09-11,16.0415,-61.6642,NO,,,-0.0173,-0.0192,-0.0222,,,,,,-0.0049,0.0002,0.0076,0.0142,0.0205,0.0207,0.0216,0.0158,0.0117,0.0051,0.0054,0.0035,0.0032,0.0024,0.0009,-0.0032,-0.0075,-0.0121,-0.0128,-0.0168
2019-09-11,16.0415,-61.6642,O,,-0.0093,-0.0162,-0.0184,-0.0208,-0.0241,-0.0224,-0.0208,-0.0182,-0.0127,-0.0055,0.0006,0.0051,0.0071,0.0112,0.0127,0.0151,0.0148,0.0147,0.0128,0.0094,0.0055,0.0027,-0.0003,-0.0024,-0.0036,-0.0062,-0.0066,-0.0089,-0.0124
2019-09-11,16.0415,-61.6642,S,0.0341,0.0333,0.0308,0.0242,0.019,0.0137,0.0107,0.005,0.0046,0.0045,0.003,0.002,0.0008,-0.0031,-0.0048,-0.003,-0.007,-0.0093,-0.0113,-0.0113,-0.0098,-0.0064,-0.0,0.0046,0.0054,0.0074,0.0072,0.0038,0.0044,0.0009
2019-09-11,16.0415,-61.6642,SE,,,,0.0227,0.0191,0.013,0.0108,0.0019,-0.0007,-0.0005,-0.0008,-0.0017,-0.002,-0.0027,-0.0032,-0.0035,-0.004,-0.0043,,-0.0045,-0.0042,0.0026,0.0028,0.0004,-0.0002,-0.0005,-0.0018,-0.0005,-0.0002,0.0017
2019-09-11,16.0415,-61.6642,SO,,0.0237,0.016,0.0143,0.0125,0.0108,0.0087,0.0075,0.0056,0.0052,0.003,-0.0028,-0.0099,-0.0137,-0.0152,-0.0155,,,,,-0.0113,-0.0111,-0.0093,-0.0078,-0.0032,0.002,0.0066,0.0093,0.006,-0.0036
2019-09-27,16.0432,-61.6631,E,,,0.1442,0.0261,0.024,0.0163,0.0138,,,,,,,,,,,,,,,,,,,,,,-1e-04,0.0011
2019-09-27,16.0432,-61.6631,N,,,,,,,,,,,,,,,,,,,,,-0.0083,-0.0085,-0.0077,-0.0036,-0.0055,-0.0038,0.0008,-0.0024,-0.0009,0.0066
2019-09-27,16.0432,-61.6631,NE,,,,,,,,,,,,,,,,,,,,,-0.0168,-0.0074,-0.0068,0.0003,-0.0008,-0.0049,-0.0035,-0.0045,0.0005,-0.0032
2019-09-27,16.0432,-61.6631,NO,,,,,,,,,-0.0072,-0.0045,-0.0055,-0.0024,0.016,,,,,,,,,,,,,,,,,
2019-09-27,16.0432,-61.6631,O,,,,,,,,0.0056,0.0037,0.004,0.0052,0.0005,-0.0022,-0.0051,-0.0045,-0.0026,-0.0013,0.0017,0.0065,0.0121,0.0134,0.0135,0.0104,0.0084,0.002,-0.0021,-0.0034,-0.0087,-0.0102,-0.0109
2019-09-27,16.0432,-61.6631,S,0.1536,0.1535,0.153,0.1522,0.0549,0.0491,0.0424,0.0363,0.0343,0.0298,0.0235,-0.0123,-0.0207,-0.0269,-0.0133,-0.0096,-0.0222,-0.0237,-0.0069,0.0041,-0.0128,-0.0043,0.0069,0.0008,0.0022,0.0064,0.0124,0.0082,0.0066,0.0076
2019-09-27,16.0432,-61.6631,SE,,0.1837,0.1836,0.1812,0.1217,0.0595,0.0445,,,,,,0.0024,0.0009,0.0005,-0.0005,-0.0014,-0.0029,0.0053,0.003,0.0006,-1e-04,-0.0012,-0.0025,-0.0037,-0.0045,-0.0042,0.0028,0.0057,0.0079
2019-09-27,16.0432,-61.6631,SO,,,,,0.0351,0.037,0.0295,0.0222,0.0179,0.0118,-0.0027,-0.0094,-0.0095,-0.0118,-0.0096,-0.0064,-0.0044,-0.0004,0.0024,0.0033,0.0028,0.0015,0.0035,0.0029,0.0057,0.001,-0.0019,-0.0044,-0.0053,-0.0064
2019-10-13,16.0404,-61.6622,E,,,0.0746,,,,,,,,,,,,,,,,,,,,,,,,,,,
2019-10-13,16.0404,-61.6622,N,0.0862,0.0851,0.0676,0.0501,0.038,0.0599,0.0543,0.0529,0.056,,0.0124,,-0.004,-0.004,-0.004,-0.004,-0.004,-0.004,-0.0015,,,,,-0.0041,-0.0041,-0.0041,-0.0041,-0.0041,-0.0005,0.0101
2019-10-13,16.0404,-61.6622,NE,,0.0866,0.0752,0.0688,0.0538,,,,,,,,,,,,,,,,,,,,0.0,0.0,0.0,0.0,0.0,0.0
2019-10-13,16.0404,-61.6622,NO,,0.0599,0.0426,0.0209,0.0045,0.0046,0.033,0.0346,0.0289,0.0197,0.0046,-0.007,-0.0096,-0.0035,-0.0059,-0.0041,-0.0003,0.0022,0.001,-0.0027,-0.0067,-0.0112,-0.0142,-0.015,-0.0163,,,,,
2019-10-13,16.0404,-61.6622,O,,-0.0023,-0.0057,-0.0078,-0.0095,-0.0027,-0.0005,0.0005,0.0067,0.0035,1e-04,-0.0003,-0.001,1e-04,0.0008,0.0026,0.0015,0.0002,-0.0006,-0.001,-0.0021,-0.0054,-0.0064,0.0006,-0.0006,0.0022,0.0012,0.0032,0.0078,0.0108
2019-10-13,16.0404,-61.6622,S,0.0496,0.0362,0.0234,0.0046,-0.0019,-0.0076,-0.0107,-0.0088,-0.004,0.0015,0.0018,0.0031,0.0042,0.0024,1e-04,-0.0027,-0.0044,-0.0064,-0.007,-0.008,-0.0074,-0.0048,-0.0021,-0.0002,0.0,0.0028,0.0025,0.0002,-0.0003,-0.0008
2019-10-13,16.0404,-61.6622,SE,,0.061,0.0387,0.0253,0.0127,,,0.0197,0.0159,0.0184,0.002,0.0121,0.0159,0.0188,0.015,0.011,,0.0055,-0.0004,-0.0035,-0.012,-0.0108,-0.0097,-0.0081,-0.0061,-0.0032,-0.0036,-0.0008,-0.0053,-0.003
2019-10-13,16.0404,-61.6622,SO,,0.0047,-0.0069,-0.0162,-0.0212,-0.0153,-0.0213,-0.0108,0.0015,0.0009,0.0157,0.0184,0.0228,0.0205,0.0164,0.0105,0.0038,-0.0034,-0.0058,-0.0069,-0.0093,-0.0089,-0.0069,-0.0071,-0.006,-0.0036,0.0004,0.0017,0.0028,0.0027
2019-11-30,16.0396,-61.6639,NO,,0.0199,0.0326,0.0415,,,,,,,,,,,,,,,,,,,,,,,,,,
2019-11-30,16.0396,-61.6639,O,0.0186,,0.0324,,,,,,,,,,,,,,,,,,,,,,,,,,,
2019-11-30,16.0396,-61.6639,S,0.0107,0.007,0.0056,0.0,,,,,,,,,,,,,,,,,,,,,,,,,,
2019-11-30,16.0396,-61.6639,SE,,,0.0,,,,,,,,,,,,,,,,,,,,,,,,,,,
2019-11-30,16.0396,-61.6639,SO,,0.0133,,,,,,,,,,,,,,,,,,,,,,,,,,,,
2019-12-16,16.0423,-61.6642,E,,,,,,,,,,,,,,,,,,,,,,-0.0003,0.0005,-0.0007,,,,,,
2019-12-16,16.0423,-61.6642,O,,0.0404,0.0383,,,,,,0.001,,,,,,,,,,,,,,,,,,,,,
2019-12-16,16.0423,-61.6642,S,0.0006,0.0023,0.0049,0.0019,0.0071,0.013,0.0198,0.0057,0.0105,0.0134,0.0169,0.0133,-0.0004,-0.0029,-0.0058,-0.008,-0.0095,-0.0111,-0.0096,-0.0089,-0.0072,-0.0059,-0.0038,-0.0029,0.0026,0.0029,0.0059,0.0061,0.0064,0.0054
2019-12-16,16.0423,-61.6642,SE,,,0.0801,,,,,,,,,,,,,,,,,,-0.0005,-0.0041,-0.0052,0.0004,0.0,,,,,
2019-12-16,16.0423,-61.6642,SO,,-0.0693,-0.0614,-0.0409,-0.0306,-0.0268,-0.0143,-0.0089,-0.006,-1e-04,-0.0119,-0.0073,-0.0022,,,,,,,,,,,,,,,,,
2020-01-01,16.0429,-61.6645,E,,,,,,,0.0181,,,,,,,,,,,,,,,,,,,,,,,
2020-01-01,16.0429,-61.6645,N,0.0322,,,,,,,,,,,,,,,,,,,,,,,,,-0.0024,-0.0014,0.0003,0.0003,0.0039
2020-01-01,16.0429,-61.6645,NE,,,,,,,,,,,,,,,,,,,,,,,,,,0.0,0.0005,0.0061,,
2020-01-01,16.0429,-61.6645,NO,,0.0449,,,,,,,,,,,,,,,,,,,,,,,,,,,,
2020-01-01,16.0429,-61.6645,O,,0.0531,0.0368,,,,,,,,,,,,,,,,,,,,,,,,,,,
2020-01-01,16.0429,-61.6645,S,-0.002,-0.0013,-0.0046,-0.0018,0.0019,0.0024,-0.0037,-0.0014,0.0005,0.0038,0.0061,0.0027,-1e-04,-0.0044,,,,,,,,,,,,,,,,
2020-01-01,16.0429,-61.6645,SE,,,,,,,0.0103,0.0076,0.0029,-0.0015,0.0041,,,,,,,,,,,,,,,,,,,
2020-01-01,16.0429,-61.6645,SO,,-0.0116,-0.0131,-0.0132,-0.0088,-0.0069,0.0038,-0.002,-1e-04,0.0008,0.0039,0.0038,-0.0112,-0.0104,0.0033,,,,,,,,,,,,,,,
2020-04-06,16.044,-61.6634,E,,0.066,0.0475,,,,,,,,,,,,,0.0188,0.0134,0.0083,0.0041,0.0046,0.0004,-0.0019,-0.002,-0.0008,-0.0012,-0.0015,-0.0054,-0.0047,-0.007,-0.008
2020-04-06,16.044,-61.6634,N,-0.1953,,,,,,,,,,,,,,,,,,,-0.0778,-0.0427,-0.0268,-0.0193,-0.0028,0.0002,0.0125,0.0301,-0.0035,-0.0116,-0.0021
2020-04-06,16.044,-61.6634,NE,,0.058,,,,,,,,,,,,,,,,,,,,0.0032,0.0029,0.0009,-0.0008,-0.0008,-0.0015,0.0005,0.001,0.0016
2020-04-06,16.044,-61.6634,NO,,0.1313,,,,,,,,,,,0.0538,0.0449,0.0336,0.0263,0.0083,-0.0012,0.0054,-0.0028,-0.0204,-0.0393,-0.0294,-0.0055,-0.02,0.0022,-0.0333,-0.0288,-0.0372,-0.0268
2020-04-06,16.044,-61.6634,O,,0.1529,0.1478,0.1436,,,,,0.0138,-0.0004,-0.0074,-0.0079,-0.0101,-0.0136,-0.0035,-0.0063,-0.0066,-0.005,-0.0032,0.0014,0.0037,0.0085,0.0087,0.0102,-0.0005,0.01,-0.0049,-0.0113,-0.0146,-0.0156
2020-04-06,16.044,-61.6634,S,0.234,0.233,0.1666,,,,,,,,-0.0057,-0.0077,-0.0088,-0.0074,-0.005,-0.0017,0.0021,0.004,0.0072,0.0095,0.0074,0.0064,0.0048,0.0038,0.001,-0.0028,-0.0039,-0.006,-0.0076,-0.0104
2020-04-06,16.044,-61.6634,SE,,0.0666,0.063,0.0562,,,,,,,-0.0144,-0.0149,-0.0113,0.0013,0.0072,0.0122,0.0142,0.009,0.0034,0.0028,-0.0037,-0.0053,-0.0052,-0.0024,-0.0036,0.0007,0.0005,0.0015,0.0036,0.007
2020-04-06,16.044,-61.6634,SO,,0.1621,0.1581,0.1507,,0.0344,0.0181,0.0074,0.0002,0.0031,0.0042,0.0025,-0.0028,-0.0051,-0.0036,-0.0016,0.0029,0.0057,0.0033,0.0105,0.0097,0.0099,0.006,0.0021,0.0025,-0.0016,-0.0046,-0.0084,-0.012,-0.0144
2020-04-22,16.0437,-61.6631,NO,,,,,,,,,,,,,,,,,,-0.0165,-0.0131,-0.0076,-0.0157,,,,,,,,,
2020-04-22,16.0437,-61.6631,O,,0.1164,,,,,,,,,0.0013,0.0014,-0.0007,-0.0006,-0.0011,-0.0023,-0.0039,-0.0023,0.0039,0.0033,0.0053,,,,,,,,,
2020-04-22,16.0437,-61.6631,S,0.1235,,,,,,,,0.006,0.0043,0.0021,0.0011,-0.0019,-0.003,-0.0043,-0.0059,-0.0018,-0.0033,-0.0016,0.0023,0.0036,0.0065,0.0036,0.0057,0.0054,0.0008,0.0032,0.0007,-0.0004,-0.0015
2020-04-22,16.0437,-61.6631,SO,,,,,,0.0068,0.0007,-0.0029,0.0008,-0.0003,0.0017,-0.0007,-0.0003,0.0002,-0.0025,-0.0037,-0.0009,-0.0009,0.0011,0.0018,0.0032,0.0034,0.0028,0.0023,0.0015,0.0006,-0.0012,-0.0037,-0.0044,-0.0049
2020-06-09,16.0448,-61.6639,E,,,,,,,,,,,,0.0041,0.0101,0.0047,0.0069,0.0085,-0.0073,0.0037,0.0029,-0.0077,,,,,,,,,,
2020-06-09,16.0448,-61.6639,N,0.0887,0.0817,0.0771,,,,,,,,,,,,,,,,,,,,,,,,,,,
2020-06-09,16.0448,-61.6639,NO,,0.0849,0.0753,,,,,,,,,,,,,,,,,,,,,,,,,,,
2020-06-09,16.0448,-61.6639,O,,-0.0474,,,,,,,,,,,,-0.0089,-0.0084,-0.0029,-0.0054,0.0022,,,,,,,,,,,,
2020-06-09,16.0448,-61.6639,S,0.0894,,,,,,,,,,,0.0,,,,,,,,,,,,,,,,,,
2020-06-09,16.0448,-61.6639,SE,,,,,,,0.0168,0.001,0.0048,-0.0031,0.0036,0.0012,0.0067,0.0005,-0.005,0.0006,-0.0022,0.0007,0.0028,0.0033,0.0064,-0.0042,-0.0061,,,,,,,
2020-11-16,16.0402,-61.662,E,,,0.1405,0.1245,,,,,,,,0.0233,0.0194,0.0192,0.0231,-0.0197,-0.0148,-0.0109,-0.016,,,,,,,,,,,-0.0046
2020-11-16,16.0402,-61.662,N,0.1126,0.1116,0.1008,0.1057,0.0975,0.0933,0.0912,0.0891,0.0655,0.0566,0.0469,0.0381,0.0142,-0.006,0.0017,0.0074,0.0023,-0.0055,-0.011,-0.0039,0.0143,-0.0312,-0.0353,-0.0237,-0.0283,-0.025,-0.0239,-0.0208,-0.0185,-0.0166
2020-11-16,16.0402,-61.662,NE,,0.0807,0.0782,0.0727,0.0755,,,,,,,,,,,,0.041,0.0486,0.0397,0.0121,-0.0082,-0.014,-0.0195,-0.0152,-0.0081,-0.0046,-0.0016,0.0011,0.0011,-0.0016
2020-11-16,16.0402,-61.662,NO,,0.0555,0.0554,0.0536,0.0535,0.0586,0.0615,0.0425,0.0361,0.0309,0.0296,0.0362,0.0261,0.0244,0.0302,0.0227,0.0264,0.0217,0.0167,0.0079,0.0042,-0.0136,-0.0246,-0.0323,-0.0397,-0.0432,-0.0405,-0.0351,-0.0343,-0.0297
2020-11-16,16.0402,-61.662,O,,-0.014,-0.0137,-0.0159,-0.0104,-0.0072,-0.0083,-0.0072,-0.0068,-0.0045,-0.0004,0.0035,0.0065,0.006,0.0087,0.0097,0.0089,0.0051,0.0097,0.0037,0.0073,0.0096,0.0056,0.0042,0.0032,0.001,0.0041,0.0021,1e-04,-0.0041
2020-11-16,16.0402,-61.662,S,0.1189,0.1172,0.1034,0.0981,0.08,0.0658,0.0532,0.0481,0.0344,0.0301,0.0275,0.0158,0.0079,0.0003,-0.0038,-0.0045,-0.0052,-0.0043,-0.0029,-0.0028,-0.0052,-0.002,-0.0085,-0.0019,-0.0058,-0.006,-0.0069,-0.0144,-0.002,-0.0112
2020-11-16,16.0402,-61.662,SE,,0.1161,0.1053,0.0896,0.067,0.0493,0.03,0.0233,,0.0305,0.0256,0.0212,0.0157,0.0111,0.0066,0.0031,-0.0045,-0.01,-0.0111,-0.0185,-0.017,-0.022,-0.0063,-0.0113,-0.0066,-0.0118,-0.0065,0.0007,-0.0028,-0.0018
2020-11-16,16.0402,-61.662,SO,,0.0466,0.0439,0.039,0.0334,0.0329,0.0258,0.0327,0.0366,0.0296,0.035,0.0233,0.0233,0.0165,0.0161,0.0187,0.0188,0.0193,0.0241,0.0133,0.0206,0.0062,0.006,-1e-04,0.0059,-0.0041,-0.0046,-0.0079,-0.0061,-0.0116
2021-04-09,16.0432,-61.6639,E,0.1057,0.1038,0.102,0.0346,0.0319,0.0282,0.0256,,,,,0.0017,-0.001,-0.0008,-0.0008,-0.0008,-0.0009,-0.0009,-0.0007,-0.0007,-0.0005,-0.0005,-0.0003,-0.0002,-1e-04,-1e-04,-1e-04,-1e-04,-1e-04,-1e-04
2021-04-09,16.0432,-61.6639,N,-0.1182,-0.1186,-0.1209,,,,,,,,,,,,,,,,,,,-0.0489,0.0257,-0.0191,-0.0192,-0.0158,-0.0109,-0.0032,-0.0166,-0.0255
2021-04-09,16.0432,-61.6639,NE,,0.1041,0.1016,0.0987,0.0305,0.0271,0.0246,,,,,,,,,,,,,,,,,0.0141,0.0042,0.0005,-0.0012,-0.0012,-0.0013,-0.0013
2021-04-09,16.0432,-61.6639,NO,,,,,,,,,0.0007,0.0003,-0.0009,-0.0024,-0.0036,-0.0055,-0.0198,-0.0192,-0.0175,1e-04,-0.0032,-0.001,-0.0136,-0.009,-0.0061,-0.0011,0.0007,0.0072,0.009,0.0108,0.0106,0.0139
2021-04-09,16.0432,-61.6639,O,,,,0.0565,0.0512,0.044,0.0431,0.0345,0.0218,0.0178,0.0075,0.0002,-0.0032,-0.0097,-0.0129,-0.0112,-0.009,-0.0062,-0.005,-0.0045,-0.0015,0.0025,0.0062,0.0072,0.0057,0.0061,0.0054,0.0039,0.0028,0.0025
2021-04-09,16.0432,-61.6639,S,0.1099,,,0.0446,0.0345,0.0304,0.0279,0.0254,0.0066,0.004,0.0012,-0.0011,-0.0018,-0.0055,-0.0056,-0.007,-0.007,-0.0072,-0.0058,-0.0077,-0.0092,-0.0085,-0.0108,-0.0098,-0.0035,-0.0009,0.0016,-0.0003,0.0003,-0.0011
2021-04-09,16.0432,-61.6639,SE,,,,,,,,,0.0165,0.0103,0.0049,0.0026,-0.0011,-0.003,-0.0043,-0.002,0.0002,0.0009,0.0033,0.007,0.0054,0.005,0.0009,-0.0074,-0.0087,-0.0095,-0.0098,-0.0106,-0.0104,-0.0105
2021-04-09,16.0432,-61.6639,SO,,0.0352,0.0321,0.0257,0.0209,0.0136,0.0072,0.0052,0.0023,-0.007,-0.0078,-0.0126,-0.0068,-0.0044,-0.0015,-0.0,0.0037,0.0064,0.0057,0.0078,0.0091,0.0084,0.0097,0.0089,0.0062,0.0027,-0.0007,-0.0029,-0.0028,-0.0049
2021-08-31,16.0404,-61.6628,NO,,,,,,,,,,,,,,,,,,,0.0117,0.0088,0.0029,-0.0027,-0.0072,-0.0046,-0.0055,-0.002,0.0026,0.0041,0.0055,0.0058
2021-08-31,16.0404,-61.6628,O,,-0.0018,,,,,,,,,,,-0.0191,-0.0124,-0.0023,0.0048,0.0085,0.0019,0.0155,0.0126,0.008,-0.0019,-0.011,-0.0096,-0.0095,0.001,0.001,-0.0011,-0.0065,-0.0041
2021-08-31,16.0404,-61.6628,S,0.0181,0.0059,-0.0048,-0.0073,-0.0041,-0.0059,-0.0041,-0.0029,0.0018,0.0006,,,,,,,,,,,,,,,,,,,,
2021-08-31,16.0404,-61.6628,SE,,0.0037,0.0002,-0.0038,-0.0037,,0.0046,0.004,0.0016,-0.0059,,,,,,,,,,,,,,,,,,,,-0.0429
2021-08-31,16.0404,-61.6628,SO,,0.0374,,,,,,,,,,,,,,,,,,,,,,,,,,,,
2021-10-18,16.0402,-61.662,E,,,0.1186,0.1143,,,,,,,,,,,,,,,,,,,,,,,,,,
2021-10-18,16.0402,-61.662,N,-0.0089,-0.0092,-0.0163,-0.022,0.0033,0.0088,0.0159,0.0239,-0.0161,-0.0204,-0.0242,-0.0275,-0.0313,-0.039,-0.0396,0.0531,0.0556,0.0577,0.0201,0.0166,0.0501,-0.0311,-0.031,-0.0279,-0.0269,-0.024,-0.0218,-0.0178,-0.0166,-0.0122
2021-10-18,16.0402,-61.662,NE,,-0.0924,-0.095,-0.104,-0.1044,,,,,,,,,,,,0.053,0.0707,0.08,0.0127,-0.041,-0.0373,-0.0277,-0.0263,-0.0254,-0.0224,-0.0101,-0.0003,0.0081,0.0072
2021-10-18,16.0402,-61.662,NO,,0.0017,0.0086,0.0085,0.0153,0.0374,0.0367,0.0356,0.0463,0.0215,0.0203,0.0104,0.0063,-0.0035,-0.0063,-0.0084,-0.0032,0.0002,0.0037,-0.0011,-0.0003,-0.0028,-0.0062,-0.013,-0.0184,-0.0162,-0.0022,0.001,-0.0087,
2021-10-18,16.0402,-61.662,O,,-0.0543,-0.038,-0.0265,-0.0164,-0.0058,-0.0028,0.007,0.0106,0.0115,0.0086,0.0031,0.0003,0.0036,0.0059,-0.0038,-0.0061,-0.0029,-0.0102,-0.0097,-0.0002,0.0016,0.0037,0.0092,0.0086,0.0126,0.0076,0.0044,0.0084,0.0032
2021-10-18,16.0402,-61.662,S,0.0589,0.0531,0.0548,0.0454,0.0386,0.0379,0.0386,0.0429,0.0416,0.044,0.0438,0.0412,0.0393,0.0287,0.0209,0.0099,-0.0103,-0.0282,-0.0309,-0.0287,-0.0281,-0.0248,-0.0226,-0.0177,-0.0171,-0.0122,-0.01,-0.0047,0.0049,0.0115
2021-10-18,16.0402,-61.662,SE,,0.0681,0.0583,0.0455,0.0359,0.0264,0.0229,0.0248,,0.0069,0.0262,0.0026,-0.0038,-0.0059,-0.0098,-0.0079,-0.0118,-0.0107,-0.0075,-0.0036,-0.0017,-0.0011,0.001,0.0042,0.0028,0.0031,0.0014,0.0226,0.0225,0.0258
2021-10-18,16.0402,-61.662,SO,,-0.0141,0.0014,0.0077,0.0095,0.0185,0.0086,0.0246,0.038,0.023,0.0387,0.0299,0.0373,0.0299,0.0207,0.0123,0.0016,-0.011,-0.0196,-0.0343,-0.0291,-0.0495,-0.0458,-0.0396,,,,,,
2022-02-07,16.0432,-61.6639,E,0.0931,0.0919,0.0905,0.033,0.0306,0.0306,0.0288,,,,,-0.0029,-0.0053,-0.007,-0.0075,-0.0071,-0.0062,-0.0046,0.0043,0.0111,0.0088,0.0082,-0.0062,-0.0062,-0.0065,0.0008,-0.0032,-0.0058,-0.0158,-0.002
2022-02-07,16.0432,-61.6639,N,-0.0276,-0.0284,-0.0302,,,,,,,,,,,,,,,,,,,-0.0406,0.03,-0.0197,-0.019,-0.019,-0.0143,-0.0102,-0.0175,-0.0223
2022-02-07,16.0432,-61.6639,NE,,0.0962,0.0946,0.0926,0.0342,0.0336,0.0334,,,,,,,,,,,,,,,,,0.0,0.0,0.0,0.0,0.0,0.0,0.0
2022-02-07,16.0432,-61.6639,NO,,,,,,,,,0.0346,0.0322,0.0305,0.0285,0.0257,0.0184,0.0048,0.0032,0.0054,0.0089,0.0157,0.0087,-0.0045,-0.006,-0.0055,-0.0041,-0.0058,-0.0056,-0.0074,-0.0061,-0.0078,-0.0085
2022-02-07,16.0432,-61.6639,O,,,,0.0261,0.0256,0.0241,0.0254,0.0238,0.0053,0.004,0.002,-0.0005,-0.0032,-0.0043,-0.0059,-0.0073,0.0008,0.0011,0.0021,0.0032,0.0081,0.0087,0.0082,0.0083,0.0075,0.0062,0.0012,-0.0025,-0.0054,-0.0037
2022-02-07,16.0432,-61.6639,S,0.0917,,,0.0338,0.026,0.0261,0.0256,0.0239,0.0027,0.0014,-0.0002,-0.0016,-0.0012,-0.0022,-0.0027,-0.0034,-0.0041,-0.0052,-0.0017,-1e-04,-0.0011,-0.0013,-0.0033,-0.0033,-0.0037,-0.0024,0.0038,0.0028,0.0028,0.0007
2022-02-07,16.0432,-61.6639,SE,,,,,,,,,0.0048,-0.0009,-0.0053,-0.0052,-0.0075,-0.0085,-0.0085,-0.0101,-0.0051,-0.0028,-0.0002,0.0018,0.0057,0.0076,0.0065,0.0044,0.002,0.0007,-0.001,-0.0027,-0.0053,-0.0072
2022-02-07,16.0432,-61.6639,SO,,-0.0104,-0.0084,-0.0042,-0.0014,-0.0016,-0.0022,1e-04,0.0022,-0.0097,-0.0073,-0.0066,-0.002,-0.0009,0.002,0.0009,0.0027,0.0018,0.002,0.0013,0.0005,0.0002,-0.0005,-0.0016,-0.0028,-0.0016,-0.0028,0.0038,0.0062,0.0094
2022-05-06,16.0402,-61.6628,E,,0.0165,,,,,,,,,,,,,,,,,,,,,,,,,,,,
2022-05-06,16.0402,-61.6628,N,,,,,,,,,,,,,,,,,,,0.0234,,,,,,,,,-0.0099,-0.0102,-0.0015
2022-05-06,16.0402,-61.6628,NO,,,,,,,,,,,,,,,,,,,,0.0129,0.0157,-0.0044,-0.0264,-0.026,-0.0256,-0.0119,-0.0038,0.0096,-0.0028,0.0209
2022-05-06,16.0402,-61.6628,O,,,,,,,,,,,,,,,,,-0.0044,-0.0062,-0.0006,0.0002,0.0044,0.0025,-0.0125,-0.0145,-0.0154,-0.0111,-0.0064,0.0062,0.0085,0.0121
2022-05-06,16.0402,-61.6628,S,0.0174,0.008,,0.007,0.0062,,,,,,,,,,,,,,,,,,,,,,,,,
2022-05-06,16.0402,-61.6628,SE,,0.0076,0.0078,0.0051,,,,,,,,,,,,,,,,,,,,,,,,,,
2022-09-11,16.0421,-61.6681,E,0.0152,0.013,0.0089,0.0043,-0.0004,-0.0007,-0.0009,-0.0002,0.0,,,,,,,,,,,,,,,,,-0.0011,0.0017,0.0004,-0.0008,-0.0013
2022-09-11,16.0421,-61.6681,N,0.0193,0.0155,0.0099,,,,,,,,,,,,,,,,,,,,,,,,,,,
2022-09-11,16.0421,-61.6681,NE,,0.0131,0.0077,0.0042,0.0,0.0,0.0,0.0,0.0,0.0,,,,,,,,,,,,,,,,,,,,
2022-09-11,16.0421,-61.6681,NO,,0.0177,0.0157,0.0133,0.013,,,,,,,,0.0006,1e-04,-0.0002,,-0.0009,-0.0012,-0.0013,0.0008,0.0023,,,,,,,,,
2022-09-11,16.0421,-61.6681,O,,0.0188,0.0206,0.0186,0.0171,0.0166,0.0141,0.0113,0.0088,0.007,0.0071,0.0068,0.0061,0.0034,0.002,-0.0006,-0.0039,-0.0089,-0.0083,-0.0076,-0.0056,-0.0049,-0.0058,-0.0056,-0.0021,0.0015,0.0056,0.0068,0.0063,0.0056
2022-09-11,16.0421,-61.6681,S,0.0141,0.0136,0.0092,0.0073,0.0065,-0.001,-0.0071,-0.0128,-0.0075,-0.0074,-0.0046,0.0058,0.0038,0.0046,0.0043,0.0048,0.0018,-0.002,-0.0039,-0.0042,0.0,0.0036,0.002,0.0029,0.0004,0.0037,0.0025,0.0017,0.0015,-0.001
2022-09-11,16.0421,-61.6681,SE,,0.0127,0.0103,0.0075,0.005,0.0019,0.0012,0.0011,0.0004,0.0023,,0.0009,-0.0034,-0.0025,-0.0022,,-0.0053,-0.0022,-0.0058,-0.008,-0.0064,-0.0011,0.0047,0.0075,0.0043,0.0036,-0.0009,-0.0054,-0.0057,-0.0065
2022-09-11,16.0421,-61.6681,SO,,0.0095,0.0086,0.009,0.0075,0.0076,0.0063,0.004,0.0038,0.0055,0.0085,0.0094,0.0107,0.0079,0.0047,0.0029,0.0002,-0.0016,-0.0033,-0.0058,-0.0044,-0.0061,-0.0055,-0.005,0.003,0.001,0.0032,0.0049,0.0028,-0.0007
2022-11-06,16.0432,-61.6639,E,0.083,0.0783,0.0754,0.027,0.0274,0.0299,0.0295,,,,,-0.0017,-0.0052,-0.0083,-0.0084,-0.0073,-0.0064,-0.0043,0.0059,0.0086,0.0071,0.0075,-0.0038,-0.0022,-0.0014,0.0008,-0.0022,-0.0061,-0.0037,0.0039
2022-11-06,16.0432,-61.6639,N,-0.1094,-0.1133,-0.1154,,,,,,,,,,,,,,,,,,,-0.0391,0.0391,-0.0212,-0.018,-0.0101,-0.0083,-0.0035,-0.0126,-0.014
2022-11-06,16.0432,-61.6639,NE,,0.0696,0.0669,0.0669,0.0201,0.0217,0.0234,,,,,,,,,,,,,,,,,-0.0187,-0.0148,-0.012,0.0042,0.0031,0.0048,0.0033
2022-11-06,16.0432,-61.6639,NO,,,,,,,,,-0.0127,-0.0077,-0.0068,-0.0054,0.002,0.0059,-0.0114,-0.0071,-0.0048,0.0108,0.0062,0.0013,-0.0069,-0.0087,-0.0059,-0.0066,0.0014,-0.0056,0.0014,-0.0151,-0.0089,-0.0067
2022-11-06,16.0432,-61.6639,O,,,,0.0502,0.0455,0.0384,0.0275,0.0208,0.0138,0.0112,0.0016,-0.007,-0.009,-0.016,-0.0115,-0.008,-0.0054,-0.0019,0.0016,0.0058,0.0063,0.0071,0.0077,0.008,0.007,0.0078,0.0073,-0.0019,-0.0017,0.0054
2022-11-06,16.0432,-61.6639,S,0.11,,,0.0573,0.0464,0.0386,0.0311,0.0222,0.0074,0.0045,0.0027,0.0015,-0.0003,-0.001,0.0012,0.0023,-0.0003,-0.0022,-0.0041,-0.0037,-0.0038,-0.0042,-0.0063,-0.0036,-0.0033,-0.003,0.0011,0.0033,0.0044,0.0093
2022-11-06,16.0432,-61.6639,SE,,,,,,,,,-0.0173,-0.0169,-0.0142,-0.0141,-0.0103,-0.0105,-0.0118,-0.005,-0.0056,-0.0052,-0.0078,-0.0058,-0.0049,-0.0026,0.0011,0.0077,0.0168,0.0122,0.0181,0.0192,0.0118,0.0109
2022-11-06,16.0432,-61.6639,SO,,0.0904,0.088,0.0809,0.0714,0.0573,0.0432,0.0287,0.0145,0.0027,0.0012,0.0009,-0.0012,-0.0022,-0.0025,-0.0026,-0.0027,-0.0028,-0.003,-0.0028,-0.0022,-0.0035,-0.0041,-0.0051,-0.006,-0.0068,-0.0052,0.0033,0.0083,0.0147
2022-11-14,16.0432,-61.6639,E,0.1104,0.104,0.1006,0.0471,0.0421,0.0374,0.0342,,,,,-0.0017,-0.0017,-0.0015,-0.0014,-0.0015,-0.0015,-0.0016,-0.0014,-0.0013,-0.001,0.0045,-0.0008,-0.0007,-0.0005,-0.0005,-0.0005,-0.0005,-0.0006,-0.0007
2022-11-14,16.0432,-61.6639,N,-0.0204,-0.0204,-0.0235,,,,,,,,,,,,,,,,,,,-0.0065,-0.0089,-0.0233,-0.025,-0.0068,0.003,0.0059,-0.01,-0.0123
2022-11-14,16.0432,-61.6639,NE,,0.1366,0.129,0.1221,0.0698,0.0637,0.0588,,,,,,,,,,,,,,,,,0.0234,0.0106,0.0085,0.0008,0.0034,-0.001,-0.0012
2022-11-14,16.0432,-61.6639,NO,,,,,,,,,0.0334,0.0325,0.0334,0.0332,0.0305,0.0273,0.0082,0.0042,0.0033,0.0058,0.0101,0.0035,-0.0069,-0.0044,-0.0008,0.0021,0.0009,-0.0023,-0.0097,-0.0105,-0.0109,-0.0138
2022-11-14,16.0432,-61.6639,O,,,,0.0053,0.0091,0.0119,0.0133,0.0151,0.004,0.0054,0.0062,0.0045,-1e-04,-0.0003,-0.0012,-0.0004,0.001,0.0029,0.0006,0.0007,0.0107,0.0162,-0.0075,,,,,,,
2022-11-14,16.0432,-61.6639,S,0.0329,,,-0.0013,-0.0059,-0.0005,0.0014,0.001,-0.0211,-0.0135,-0.0135,-0.0095,-0.001,-0.0009,0.0062,0.0107,0.0136,0.0167,0.0137,0.0163,0.0173,0.012,0.0061,0.0062,0.0028,-0.0015,-0.0047,-0.011,-0.0105,-0.0087
2022-11-14,16.0432,-61.6639,SE,,,,,,,,,0.0351,0.0283,0.0153,0.0118,-0.0024,0.0004,-0.0007,-0.0046,-0.0005,-1e-04,0.0081,0.01,0.0015,-0.0044,-0.0038,-0.0069,-0.0119,0.0077,0.0033,0.0016,0.0032,-0.0037
2022-11-14,16.0432,-61.6639,SO,,0.0217,0.0243,0.0263,0.0283,0.0255,0.0191,0.0174,0.0127,0.0063,-0.0,-0.0094,-0.004,-0.0035,-0.0021,-0.0017,-0.0008,-0.0003,-0.0006,0.0042,0.0072,0.0069,0.0062,0.0079,0.0014,0.0071,0.0073,0.0131,0.0154,0.0187
2022-12-08,16.0434,-61.6631,E,,,,,,,,,,,,,,,,,,0.0047,-0.0051,-0.0058,-0.0064,-0.0065,-0.007,-0.007,-0.0045,-0.0017,0.0011,0.0038,0.0027,-0.0041
2022-12-08,16.0434,-61.6631,NO,,,,,,,,,,-0.0115,-0.018,-0.0105,-0.0011,0.0006,-0.0167,-0.0031,0.0156,,,,,,,,,,,,,
2022-12-08,16.0434,-61.6631,O,,,,,,,,,0.0035,0.0028,0.0021,0.0013,1e-04,-0.0066,-0.0068,-0.0037,-0.0022,-0.001,0.0014,0.0047,0.0083,0.0116,0.01,0.0057,0.0003,-0.0036,-0.0054,-0.0063,-0.0072,0.0013
2022-12-08,16.0434,-61.6631,S,0.1607,0.1568,0.1532,0.1495,,0.0587,0.0493,0.0397,0.0401,0.0343,0.0302,-0.0104,-0.015,-0.0135,-0.0102,-0.0084,-0.0017,0.0006,0.004,0.0026,0.0037,0.0049,0.0031,0.0056,0.0049,0.003,-0.0014,-0.0023,-0.0082,-0.0126
2022-12-08,16.0434,-61.6631,SE,,,0.1297,0.1263,0.0189,0.0164,,,,,,,-0.0226,-0.0278,-0.0228,-0.0062,0.01,0.019,0.0196,0.0037,-0.013,-0.009,-0.0154,-0.0133,-0.0096,-0.0058,-0.0016,0.0008,0.0044,0.0059
2022-12-08,16.0434,-61.6631,SO,,,0.0641,,-0.0217,-0.005,-0.0119,0.0054,0.0132,0.0086,0.0082,0.0093,0.0096,0.0111,0.0128,0.0167,0.0113,0.0104,0.0068,0.0059,0.0024,-0.0006,-0.0075,-0.0119,0.0143,-0.0144,-0.0157,-0.0273,-0.0005,0.0002
2023-03-06,16.0396,-61.6648,N,0.0175,0.0146,0.0175,0.0168,0.017,0.0171,0.024,,,,,0.0159,0.0159,0.0171,0.0118,0.0026,0.0,-0.0036,-0.0036,-0.0029,-0.0019,0.0008,0.0025,0.0056,,,,,,
2023-03-06,16.0396,-61.6648,NO,,0.001,0.0055,0.0068,0.0089,0.0092,0.0119,0.0132,0.0124,0.0028,-0.0005,-0.0032,0.0031,-0.0023,0.0023,0.0003,-0.0073,-0.0128,-0.0156,-0.0188,,,,,,,-0.0057,,,
2023-03-06,16.0396,-61.6648,O,-0.0028,0.0064,0.0138,0.0173,0.0199,0.0216,0.0217,0.02,0.0133,0.0078,0.0042,0.0006,-0.0013,-0.0025,-0.0076,-0.0083,-0.0083,-0.0078,-0.0068,-0.0051,-0.0038,-0.0028,0.0005,0.0022,0.0033,0.0037,0.002,0.0011,0.0018,0.0035
2023-03-06,16.0396,-61.6648,S,0.0101,0.0094,0.01,0.011,0.0156,0.0109,0.0141,0.0126,0.014,0.0088,0.0046,0.001,-0.0021,-0.0021,-0.0007,0.0004,-0.0006,-0.0027,-0.0029,-0.0047,-0.0059,-0.0068,-0.0076,-0.0069,-0.0056,-0.0036,-0.001,0.0004,0.0041,0.0079
2023-03-06,16.0396,-61.6648,SE,,,-0.0027,,,,,,,,,,,,,,,,,,-0.0021,-0.0048,-0.0037,-0.0022,-0.0005,0.0014,0.0015,0.0016,0.0005,-0.0021
2023-03-06,16.0396,-61.6648,SO,,0.0106,0.0199,0.023,0.0245,0.0195,0.016,0.0166,0.0138,0.0091,0.0076,0.0034,-0.0023,-0.0035,-0.0049,-0.0069,-0.0068,-0.0072,-0.0069,-0.003,-0.0035,0.0007,0.0009,0.0016,0.0016,0.0034,0.0011,0.0031,0.0012,0.0036
2023-03-14,16.0405,-61.6662,E,0.0748,0.0642,0.0597,0.0596,0.0539,0.0486,0.0438,0.035,0.0252,0.0126,0.0026,-0.0021,-0.0022,-0.0024,-0.0025,-0.0026,-0.0025,-0.0026,-0.0027,-0.0028,-0.0023,-0.0019,-0.0018,-0.0018,-0.0019,-0.0019,-0.002,-0.0023,-0.0026,-0.0031
2023-03-14,16.0405,-61.6662,N,,0.0766,0.0759,0.0675,,,,,,,,,,,,,,,,,,,,,,,,,,
2023-03-14,16.0405,-61.6662,NE,,0.0742,0.0793,,,,,,,,,,,,,,,,,,,,,,,,,,,
2023-03-14,16.0405,-61.6662,NO,0.0195,0.0175,0.0144,0.0072,0.0017,-0.0017,0.0052,0.0092,0.0207,0.0045,0.0079,0.003,0.0112,0.0055,0.01,0.0057,0.0048,0.0014,-0.0047,-0.002,-0.0018,-0.0002,0.0018,-0.0023,0.0,-0.0002,-0.0011,-0.0009,1e-04,-0.0074
2023-03-14,16.0405,-61.6662,O,,0.011,0.0119,0.0134,0.0135,0.0107,0.0091,0.011,0.0113,0.0099,0.0097,0.0046,0.0007,-0.0039,-0.0118,-0.0114,-0.0091,-0.0105,-0.0092,-0.0082,-0.006,-0.0037,-0.0014,0.0013,0.0025,0.0045,0.0062,0.0054,0.0054,0.0057
2023-03-14,16.0405,-61.6662,S,0.0234,0.0214,0.0208,0.0201,0.0196,0.0171,0.0136,0.0105,0.0095,0.0116,0.0124,0.0101,0.0091,0.0105,0.0084,0.0081,0.0042,-0.0036,-0.0069,-0.0102,-0.0132,-0.0147,-0.0153,-0.0098,-0.0044,-0.0021,0.0023,0.0065,0.0122,0.0151
2023-03-14,16.0405,-61.6662,SE,,0.0562,0.0512,0.0476,0.0434,0.0394,0.035,0.0305,0.0263,0.0244,0.0159,0.0129,0.0165,0.0085,0.0061,0.0098,0.0093,0.0109,0.0101,0.0086,0.0025,-0.0021,-0.0091,-0.0109,-0.0134,-0.0147,-0.0172,-0.0165,-0.0151,-0.0111
2023-03-14,16.0405,-61.6662,SO,,0.0157,0.0174,0.018,0.0187,0.0154,0.0143,0.012,0.007,0.0086,0.0009,0.0092,0.0011,0.0069,0.0069,0.0076,0.0045,0.0035,-0.0016,-0.0029,-0.002,1e-04,0.0017,0.0071,0.0042,-0.0073,0.0034,0.0021,0.0028,0.0055
2023-05-09,16.0443,-61.6676,N,,,,0.0048,0.0014,0.0,,,,,,,,,,,,,,,,,,,,,,,,
2023-05-09,16.0443,-61.6676,NO,0.0122,0.0107,0.0082,0.0044,0.0022,0.0,,,,,,,,,,,,,,,,,,,,,,,,
2023-05-09,16.0443,-61.6676,O,,0.0113,,,,,,,,,,,,,,,,,,,,,,,,,,,,
2023-05-09,16.0443,-61.6676,S,0.0108,,,,,,,,,,,,,,,,,,,,,,,,,,,,,
2023-05-09,16.0443,-61.6676,SE,,0.0075,,,,,,,,,,,,,,,,,,,,,,,,,,,,
2023-05-09,16.0443,-61.6676,SO,,0.0101,,,,,,,,,,,,,,,,,,,,,,,,,,,,
2023-05-25,16.044,-61.6631,E,,0.0512,0.043,,,,,,,,,,,,,,,,,-0.0005,,,,,,,-0.0005,-0.0006,-0.0006,-0.0006
2023-05-25,16.044,-61.6631,O,,0.172,0.1635,,,,,,,,,0.02,0.02,0.0087,0.0067,-0.0034,-0.0053,-0.008,-0.0115,-0.0128,-0.0149,-0.0153,-0.0164,-0.0165,-0.0064,0.001,0.0173,0.0201,0.0177,0.0126
2023-05-25,16.044,-61.6631,S,0.1781,0.1767,0.1234,0.1517,,,,,,,,0.0028,-0.0033,-0.0061,-0.0079,-0.0083,-0.0073,-0.0027,-0.0003,0.0002,0.005,0.0051,0.0057,0.0044,0.0038,0.0033,0.0008,-0.003,-0.0045,-0.0053
2023-05-25,16.044,-61.6631,SE,,0.0443,0.041,0.0397,0.0363,,,,,,0.0008,-0.0004,-0.0078,-0.0023,-0.0008,-0.0008,0.0021,0.0014,0.0027,0.0058,0.0069,0.0065,0.0052,0.0038,0.0027,0.0016,-1e-04,-0.0006,-0.0009,-0.0019
2023-05-25,16.044,-61.6631,SO,,0.1063,0.1011,,,,,,,,,,,,,,-0.0327,-0.0306,-0.0273,-0.018,-0.0096,0.001,0.0087,0.0098,0.0119,0.0064,0.0013,-0.0038,-0.0079,-0.0125
2023-08-05,16.0432,-61.6631,E,,,0.0568,-0.0082,-0.0104,-0.0138,-0.0163,,,,,,,,,,,,-0.017,-0.0022,-0.0119,-0.01,0.0082,-0.0063,-0.0053,-0.0057,-0.0049,0.0025,-0.0002,-0.0152
2023-08-05,16.0432,-61.6631,N,,,,,,,,,,,,,,,,,,,,0.0,0.0,0.0,0.0,0.0,0.0,0.0,0.0,0.0,0.0,0.0
2023-08-05,16.0432,-61.6631,NE,,,,,,,,,,,,,,,,,,,,,-0.0,-0.0,-0.0,-0.0,-0.0,-0.0,-0.0,-0.0,-0.0,-0.0
2023-08-05,16.0432,-61.6631,NO,,,,,,,,,0.0146,0.0071,0.0045,0.0027,0.0022,-0.0115,-0.0114,-0.003,-0.0032,0.0028,-0.0088,-0.0091,-0.0016,-0.0006,-0.0014,-0.0041,0.0024,0.0026,0.0025,0.0028,0.0015,0.0002
2023-08-05,16.0432,-61.6631,O,,,,,,,,0.0232,0.0206,0.0121,0.0068,-0.0005,-0.0165,-0.0119,-0.0148,-0.0075,-0.007,-0.0071,-0.0057,-0.0013,0.0023,0.0036,0.003,0.0021,-0.0007,0.003,1e-04,0.0068,0.0096,0.0099
2023-08-05,16.0432,-61.6631,S,0.0821,0.0808,0.0799,0.0778,0.0235,0.0244,0.0231,0.0148,0.0174,0.0194,0.0205,-0.0043,-0.0045,-0.0048,-0.0052,-0.0036,-0.0036,-0.0057,-0.0044,-0.0037,-0.0041,-0.0017,-0.0028,-0.0035,0.0005,-0.0017,0.0016,0.0031,0.0018,0.0065
2023-08-05,16.0432,-61.6631,SE,,0.0908,0.0872,0.0816,0.047,0.0138,0.0124,,,,,,-0.0062,-0.0168,-0.0209,-0.0198,-0.02,-0.0044,-0.0003,0.0017,0.0047,0.0031,0.0031,0.0029,0.0029,0.0075,-0.0015,0.0116,-0.0059,-0.0075
2023-08-05,16.0432,-61.6631,SO,,,,,0.0388,0.037,0.0349,0.0281,0.021,0.017,-0.0132,-0.0111,-0.0085,-0.0176,-0.0131,-0.0106,-0.0081,-0.0072,-0.001,0.0016,-0.0017,0.0082,0.0052,0.013,0.0068,0.0065,0.0064,0.0041,0.0025,0.0025
2023-09-06,16.044,-61.6631,O,,0.1665,0.1598,,,,,,,,0.0037,-0.0014,,,,,,,,0.0074,0.0101,0.0204,,-0.0222,-0.02,,-0.0033,-0.0094,-0.0139,-0.0181
2023-09-06,16.044,-61.6631,S,0.1874,0.1846,0.1221,0.1712,,,,,,,0.0235,0.0106,0.004,-0.0008,-0.0035,-0.0031,-0.002,-0.0009,-0.0008,-0.0004,0.0005,0.0007,-0.0011,-0.0014,-0.0028,-0.0015,-0.0017,-0.0027,-0.0016,-0.0013
2023-09-06,16.044,-61.6631,SE,,0.0394,0.0294,0.024,0.0185,,,,,,0.0005,0.0002,-0.0,-0.0004,-0.0006,-0.001,-0.0012,-0.0009,-0.0002,-0.0004,0.0009,-0.0008,-0.0008,1e-04,-0.0007,-0.0015,0.0003,1e-04,-0.0004,-0.0022
2023-09-06,16.044,-61.6631,SO,,0.1455,0.1394,0.1291,0.123,0.0291,0.0236,0.0107,0.0077,0.0013,0.0007,-0.0007,-0.0054,-0.006,-0.0116,-0.0141,-0.0115,-0.0016,-0.0004,0.004,0.0064,0.0076,0.0083,0.0091,0.0091,0.0072,0.0045,0.0004,-0.004,-0.0057
2023-09-14,16.041,-61.6628,N,,,,,,,,,,,,,,,,,,,-0.019,0.0127,0.0639,0.0764,0.0865,0.0948,-0.0229,-0.0419,-0.0269,-0.0134,-0.0162,-0.0257
2023-09-14,16.041,-61.6628,NE,,,,,,,,,,,,,,,,,,,,0.0041,0.0037,0.0038,0.0039,0.0053,-0.0015,0.0002,-0.0044,-0.0013,-0.0004,0.0019
2023-09-14,16.041,-61.6628,NO,,,,,,,,,,,,,,,,,,,,,,,,,-0.0011,-0.0034,-0.0013,0.0009,0.0021,0.0019
2023-09-14,16.041,-61.6628,O,,0.03,,,,,,,,,,,,,,,,,,,,,-0.0038,-0.0051,0.0007,0.0014,0.0021,0.0012,0.0011,0.0023
2023-09-14,16.041,-61.6628,S,0.0186,0.0061,-0.0022,-0.0076,-0.0102,-0.009,-0.0025,0.0015,-0.0007,0.0019,0.0022,0.0002,-0.0029,1e-04,-0.0012,0.0023,0.0055,0.0052,0.0058,0.0034,0.0029,-0.001,-0.0031,-0.0024,1e-04,0.001,-0.0012,0.0005,0.003,0.0044
2023-09-14,16.041,-61.6628,SE,,,,,,,0.0481,0.0422,,0.0307,0.0249,0.0219,0.0185,0.0059,-0.0026,-0.0039,-0.0043,-0.006,-0.0066,-0.0068,-0.0074,-0.007,-0.0055,-0.0059,-0.0049,0.0006,0.0015,0.005,0.0011,0.0067
2023-09-14,16.041,-61.6628,SO,,-0.0149,-0.0221,,,,,-0.019,-0.0153,-0.0112,-0.0041,-0.0008,0.0011,0.0054,0.0071,0.0022,0.0064,0.0027,0.0027,0.0022,0.0015,0.0002,0.0013,0.0004,0.0002,-0.0022,-0.0024,-0.003,-0.003,-0.0032
2023-10-16,16.044,-61.6631,E,,0.0663,0.0609,,,,,,,,,,,,,0.013,0.005,-0.0016,-0.0047,-0.006,,-0.0062,-0.0015,0.0008,1e-04,0.0007,-0.0032,-0.0021,-0.0013,-0.002
2023-10-16,16.044,-61.6631,N,,,,,,,,,,,,,,,,,,,-0.0678,-0.0283,-0.0191,-0.0118,0.0013,-0.002,0.0131,0.0151,-0.0066,-0.0132,-0.0089,-0.012
2023-10-16,16.044,-61.6631,NE,,,,,,,,,,,,,,,,,,,,,0.0121,0.0037,0.006,0.003,0.0002,0.0103,0.0084,0.0157,,
2023-10-16,16.044,-61.6631,NO,,,,,,,,,,,,,0.0365,0.0254,0.0184,0.0157,1e-04,0.0096,0.0113,-0.0332,-0.0238,-0.0261,-0.0031,-0.0052,-0.0207,-0.0159,-0.0234,-0.0146,-0.0101,-0.0075
2023-10-16,16.044,-61.6631,O,,0.0733,0.0679,0.0613,,,,,,,-0.0042,-0.0014,0.0016,-0.0036,0.0043,-0.0008,-0.0044,-0.0023,0.0003,0.0038,0.0037,0.0061,0.0092,0.0087,0.0055,0.0009,-0.0044,-0.0074,-0.011,-0.0109
2023-10-16,16.044,-61.6631,S,0.1804,0.1774,0.1199,0.1703,,,,,,,0.0367,-0.0091,-0.016,-0.0156,-0.012,-0.0086,-0.0046,-0.0004,0.0029,0.0075,0.0079,0.0094,0.0108,0.0083,0.0029,0.002,-0.0019,-0.0074,-0.0134,-0.0182
2023-10-16,16.044,-61.6631,SE,,0.0809,0.0706,0.0701,0.0674,,,,,,0.0019,0.0005,-0.0008,-0.0015,-0.0023,-0.0007,1e-04,-1e-04,-0.001,-0.0022,-0.0037,-0.005,-0.0062,-0.0071,-0.0055,-0.0033,-0.001,0.0004,0.0048,0.0097
2023-10-16,16.044,-61.6631,SO,,0.0838,0.0795,0.0737,0.0734,0.0003,0.0047,0.0046,0.0076,0.0045,0.0094,0.0112,0.0043,0.0048,-0.0008,0.0005,-0.0048,0.0053,0.0021,0.0026,0.0013,0.0011,-0.0009,-0.0009,0.003,0.0017,-0.0025,-0.0042,-0.0053,-0.0106
2023-12-11,16.044,-61.6634,E,,0.0617,0.0633,,,,,,,,,,,,,,,,,,,,,,,,,,,
2023-12-11,16.044,-61.6634,N,-0.0429,,,,,,,,,,,,,,,,,,,0.0127,0.0183,0.0159,0.0127,0.0095,-0.007,-0.0119,-0.0035,-0.0049,0.003,-0.0059
2023-12-11,16.044,-61.6634,NE,,-0.4704,,,,,,,,,,,,,,,,,,,,,-0.0481,,,0.0047,0.0148,0.0354,,
2023-12-11,16.044,-61.6634,NO,,-0.034,,,,,,,,,,,,,,0.0119,-0.01,-0.0111,,,,,-0.0063,0.0062,0.0064,0.0046,-0.0035,0.0004,0.0023,0.0034
2023-12-11,16.044,-61.6634,O,,-0.0318,0.0152,0.0621,,,,,0.0054,0.0059,,-0.0087,-0.0049,0.0032,0.0102,-0.0113,-0.0103,-0.0106,-0.0032,1e-04,,-0.0029,-0.0041,0.009,0.0106,0.0069,-0.0032,-0.0072,0.0078,-0.0089
2023-12-11,16.044,-61.6634,S,0.1017,0.0999,0.0493,,,,,,,,-1e-04,-0.0011,0.0004,0.0004,,,,,,,,,,,,,,,,
2023-12-11,16.044,-61.6634,SE,,0.0165,,,,,,,,,,,,,,,,,,,,,,,,,,,,
2023-12-11,16.044,-61.6634,SO,,0.0518,0.0488,0.046,,-0.0077,-0.0057,-0.0036,-0.0019,0.002,0.0071,0.0115,-0.0045,-0.0023,0.0012,,,,,,,,,,,,,,,
2024-01-12,16.0432,-61.6634,E,,0.0837,0.0809,0.0208,0.0207,0.0206,0.0213,,,,,,,,,,,,,,,,,,,,,,0.0,
2024-01-12,16.0432,-61.6634,N,-0.0877,,,,,,,,,,,,,,,,,,,,0.0187,0.0195,0.0244,-0.0056,-0.0015,0.0043,0.006,-0.0243,-0.0439,-0.0316
2024-01-12,16.0432,-61.6634,NE,,0.0845,,,,,,,,,,,,,,,,,,,,0.0,0.0,0.0,0.0,0.0,0.0,0.0,0.0,0.0
2024-01-12,16.0432,-61.6634,NO,,,,,,,,,0.0011,0.0017,0.0031,0.0038,0.0043,-0.0051,-0.0155,-0.0127,-0.01,-0.0022,-0.0111,-0.0162,-0.0105,0.0006,0.0012,0.0028,0.001,0.0025,-0.0014,-0.0007,-0.0111,-0.0121
2024-01-12,16.0432,-61.6634,O,,,,,,,,1e-04,-0.0,-0.0005,-0.0007,0.0,-0.0077,-0.008,-0.0087,-0.0092,-0.0004,0.0006,0.0016,0.0059,0.0063,0.0084,0.0086,0.009,0.008,0.0072,0.0033,-0.0012,-0.0052,-0.0034
2024-01-12,16.0432,-61.6634,S,0.0666,0.0662,0.0658,0.0071,0.0077,0.0091,0.0014,0.002,0.0032,0.0036,,,,,,,,,-0.007,-0.0058,-0.0049,-0.0042,-0.0037,-0.0029,-0.0038,-0.0037,-0.0037,-0.0037,0.0026,0.0042
2024-01-12,16.0432,-61.6634,SE,,0.0999,0.0987,0.0965,0.0364,0.0362,,,,,,0.0059,-0.0007,0.0002,-0.0023,-0.0037,-0.0036,-0.0048,-0.0062,-0.0009,0.0011,0.0014,0.0037,0.0187,0.0174,0.007,0.0041,0.0019,-0.0027,-0.0051
2024-01-12,16.0432,-61.6634,SO,,,,0.0115,0.0125,0.0134,0.013,0.0126,0.0057,0.0055,-0.0082,-0.0086,-0.007,-0.0057,-0.007,-0.0079,-0.0067,0.0013,0.0028,0.0021,0.0015,0.0005,0.0004,0.001,-0.0026,-0.002,-0.0027,-0.0026,-0.0027,0.0036
2024-01-28,16.0418,-61.6642,E,,,,,,,,,,,,,,,,,,,,,,0.0015,-0.0009,-0.0014,-0.0028,-0.0012,,,,
2024-01-28,16.0418,-61.6642,NO,,,,,,,,,,,,,,,,,,,,,-0.0225,,-0.008,-0.0027,0.0006,0.0053,0.0074,0.0085,0.0104,-0.0159
2024-01-28,16.0418,-61.6642,O,,0.0748,0.0666,0.0584,,,,,,,,,,,,,,,,,,-0.013,-0.0102,-0.0066,-0.0017,-0.0028,0.0007,0.0029,0.0038,0.0051
2024-01-28,16.0418,-61.6642,S,0.1018,0.0944,,,,,,,,,,,,,,,,,,,,,,,,,,,-0.0054,-0.0033
2024-01-28,16.0418,-61.6642,SE,,,,,,,,,,,,,-0.0002,-0.0005,-0.0017,-0.0014,-0.0025,-0.0025,-0.0007,0.005,0.0037,0.003,0.0019,0.0003,-0.0024,-0.0029,-0.0036,-0.0034,-0.0031,-0.003
2024-01-28,16.0418,-61.6642,SO,,0.0608,0.0478,,,,,,,,,,,,,,,,,,,,,-0.0268,-0.0167,-0.009,-0.0037,0.0025,0.0026,0.0032
2024-02-05,16.0454,-61.6684,E,0.0259,0.0246,0.0213,0.0152,0.0118,0.0073,0.0022,-0.0008,-0.0012,0.0003,0.001,-0.0006,0.0002,-0.002,0.003,-0.0025,-0.0016,,,,-0.0051,-0.0063,-0.0073,,,,,,,
2024-02-05,16.0454,-61.6684,N,,0.0246,0.0197,0.0141,0.0072,0.0039,,,,,,,,,,,,,,,,,,,,,,,,
2024-02-05,16.0454,-61.6684,NE,,0.0276,0.0241,0.0217,0.0161,0.0109,0.0082,0.0017,-0.001,-0.0009,-0.0005,-1e-04,-1e-04,,,,,,,,,,,,,,,,,
2024-02-05,16.0454,-61.6684,NO,0.0291,,,,,,,,,,,,,,,,,,,,,,,,,,,,,
2024-02-05,16.0454,-61.6684,O,,-0.0159,,,,,,,,0.0211,0.0158,,0.0118,0.0128,0.0131,0.0127,0.0102,0.0056,0.0024,-1e-04,-0.002,-0.0055,-0.0048,-0.0059,-0.0048,-0.0028,-0.0025,-0.0012,0.0002,
2024-02-05,16.0454,-61.6684,S,-0.0002,-0.0,-0.0017,-0.0029,-0.0039,-0.0047,-0.0035,-0.0047,-0.0029,-0.0023,-0.0072,-0.0033,-0.0028,-0.0005,0.0033,0.0053,0.0051,0.0045,0.0029,0.0008,0.0019,0.0026,0.0031,0.0018,-0.0019,-0.0029,-0.0039,-0.0036,-0.0037,-0.0056
2024-02-05,16.0454,-61.6684,SE,,0.0177,0.0141,0.0122,0.004,0.0057,0.0013,0.0021,0.0007,0.003,0.0052,0.009,0.012,0.0126,0.0125,0.0077,0.0007,0.0003,-0.0058,-0.012,-0.0114,-0.0116,-0.0113,-0.008,-0.0088,-0.0048,-0.0051,-0.0052,0.0016,0.0027
2024-02-05,16.0454,-61.6684,SO,,-0.0119,-0.0096,-0.0062,-0.004,-0.003,0.0011,0.0083,0.0098,0.0116,0.0123,0.0123,0.0097,0.0083,0.0087,0.0075,0.0056,0.0034,0.0004,-0.0019,-0.001,-0.0024,-0.0042,-0.007,-0.0014,-0.0016,-0.0002,0.0047,0.0041,0.0035
2024-04-09,16.0402,-61.662,E,,,0.0511,0.0464,,,,,,,,,,,,,,,,,,,,,,,,,,
2024-04-09,16.0402,-61.662,N,-0.0227,-0.0349,-0.0538,-0.0549,-0.0299,-0.027,-0.029,-0.0292,-0.0675,-0.0682,-0.0691,-0.0625,-0.0588,-0.055,-0.0553,0.0543,0.0554,0.0551,0.0085,0.0532,0.1239,0.1218,-0.0547,-0.0512,-0.0519,-0.0525,-0.0518,-0.0551,-0.0531,-0.0494
2024-04-09,16.0402,-61.662,NE,,-0.0546,-0.0631,-0.0683,-0.0659,,,,,,,,,,,,0.065,0.0797,0.087,0.022,-0.0437,-0.047,-0.0346,-0.0237,-0.0188,-0.0146,-0.0084,-0.0002,0.0049,0.0113
2024-04-09,16.0402,-61.662,NO,,0.024,0.0179,0.0103,0.0173,0.0304,0.0388,0.0207,0.0226,0.0032,0.0028,0.0016,-0.0003,-0.0038,-0.0049,-0.0043,-0.004,-0.0029,-0.003,-0.0015,-0.0005,0.0002,0.0036,0.0054,0.0066,0.0065,0.0056,0.005,0.0046,0.0072
2024-04-09,16.0402,-61.662,O,,-0.0252,-0.0205,-0.0169,-0.0071,0.0009,0.0049,0.0114,0.0117,0.0056,0.0017,-0.0018,-0.0044,-0.0028,-0.0023,-0.0035,-0.0058,-0.007,-0.0054,-0.0043,-0.0056,-0.0045,-1e-04,0.0083,0.0129,0.0171,,0.0197,0.0148,0.0101
2024-04-09,16.0402,-61.662,S,0.0286,0.0271,0.0152,0.0082,-0.0018,-0.0044,-0.0071,-0.0077,-0.0103,-0.0072,-0.0033,0.0006,0.0013,-0.0018,0.0038,0.0058,0.0095,0.0088,0.008,0.0062,0.0034,0.0006,0.0004,-0.001,-0.0035,-0.0036,-0.0045,-0.0046,-0.0079,-0.0069
2024-04-09,16.0402,-61.662,SE,,0.0549,0.0465,0.0367,0.023,0.0159,0.0127,0.0115,,0.0142,,,,,,,,,,,,,,,-0.0101,-0.0063,-0.0029,-0.0011,-0.0023,-0.0023
2024-04-09,16.0402,-61.662,SO,,-0.0374,-0.0313,-0.031,-0.0306,-0.0246,-0.0269,-0.0158,-0.0058,-0.0043,0.0032,0.0103,0.0174,0.0186,0.0173,0.0149,0.0109,0.0048,0.0003,-0.0041,-0.0092,-0.0094,-0.0102,-0.0117,-0.0106,-0.0056,-0.0035,-0.0004,0.0057,0.0048
2024-05-11,16.041,-61.6659,E,,,,,,-0.0008,-0.0038,-0.0035,-0.0028,-0.0021,-0.003,,,,,,,,-0.0019,-0.002,-0.0024,-0.0024,-0.002,-0.0009,-0.0006,-0.001,0.0023,0.0015,0.0016,0.002
2024-05-11,16.041,-61.6659,N,,,,,,,-0.0018,-0.0018,-0.001,0.0061,0.0077,0.0064,,,,,,,,,,,,,,,,,,
2024-05-11,16.041,-61.6659,NO,0.0087,0.0013,0.0005,-0.0014,-0.003,-0.0047,-0.0042,-0.008,-0.005,-0.0009,0.0003,0.0038,0.0063,0.006,0.0085,0.0083,0.0086,0.0121,0.011,0.0088,0.0072,0.0005,-0.0005,-0.0042,-0.0043,-0.0049,-0.0077,-0.008,-0.008,-0.0088
2024-05-11,16.041,-61.6659,O,,-0.0197,-0.0164,-0.0151,-0.0126,-0.0092,-0.0053,-0.0019,0.0043,0.0044,0.0023,1e-04,-0.0004,-0.0006,-0.0033,-0.004,-0.0058,-0.0071,-0.0073,-0.006,-0.0056,-0.0044,-0.003,-0.0025,-0.0024,-0.0012,-1e-04,0.0021,0.0041,0.0045
2024-05-11,16.041,-61.6659,S,-0.0094,-0.0081,-0.0067,-0.0056,-0.0054,-0.0052,-0.0029,0.0021,0.0022,0.0037,0.0036,0.0048,0.0037,0.0022,0.0021,0.0017,0.0011,0.0012,0.0022,0.0032,0.0035,0.0022,-0.0002,-0.0018,-0.0018,-0.004,-0.0016,0.0009,0.0046,0.0058
2024-05-11,16.041,-61.6659,SE,,0.0108,0.0103,0.008,0.006,0.0046,0.003,0.0011,0.0009,0.002,-0.0021,0.0015,0.0066,0.0036,0.0024,0.0025,0.0002,-0.0021,-0.0033,-0.0028,-0.0025,-0.0012,0.0008,0.0012,0.0003,1e-04,-0.0012,-0.003,-0.0051,-0.0062
2024-05-11,16.041,-61.6659,SO,,0.012,0.0139,0.0153,0.0186,0.0204,0.0214,0.02,0.0167,0.0133,0.0087,0.0029,0.0002,-0.0038,-0.0043,-0.0049,-0.0046,-0.0041,-0.004,-0.0033,-0.0035,-0.0027,-0.0032,-0.0021,-0.0017,0.0017,0.0021,0.0031,0.0037,0.0028
2024-06-04,16.0415,-61.6648,NO,,,,0.0065,0.0046,0.0033,0.0061,0.0018,-0.0014,-0.0024,-0.0027,-0.0015,-0.0042,-0.0018,-0.0014,-0.0021,0.0008,0.0052,0.0082,0.0103,0.0073,0.0072,0.0058,0.0053,0.0054,0.005,0.003,-0.0033,-0.0094,-0.0139
2024-06-04,16.0415,-61.6648,O,,-0.0003,-0.0123,-0.0143,-0.0155,-0.0158,-0.0165,-0.0149,-0.0124,-0.009,-0.0013,0.0,1e-04,0.0006,0.0005,-0.0013,0.0012,-0.001,0.0006,0.0048,0.0056,0.0047,0.0007,0.0002,-0.0037,-0.0044,-0.004,-0.0027,0.0012,0.0042
2024-06-04,16.0415,-61.6648,S,0.0335,0.0259,0.0224,0.0177,0.0146,-0.0017,-0.0055,-0.0075,-0.0077,-0.0074,-0.0074,-0.0077,-0.0057,-0.0036,-0.0023,0.0032,0.0027,0.0053,0.0073,0.0059,0.0077,0.0068,0.0058,0.006,0.0046,0.0022,0.0005,0.0004,-0.0048,-0.0058
2024-06-04,16.0415,-61.6648,SE,,0.0197,0.0189,0.0177,0.017,,0.0006,,,,,0.0,0.0,0.0,0.0,,,,,,,,,,,,,,,
2024-06-04,16.0415,-61.6648,SO,,0.0085,-0.0035,-0.0011,-0.007,-0.0084,-0.0097,-0.0111,-0.0114,-0.0114,-0.011,-0.0099,-0.0094,-0.0037,-0.0028,-0.0038,0.0009,0.002,0.0028,0.0036,0.0066,0.0058,0.0107,0.0117,0.0098,0.0069,0.0042,0.0002,-0.0015,-0.0024
2024-07-30,16.0423,-61.6645,E,0.0281,,,,,,,,,,,,,,0.0137,0.0123,0.0094,0.0047,0.0014,-0.0027,-0.0028,-0.0024,-0.0019,-0.0015,-0.0011,-0.001,-0.0003,-0.0002,-0.0002,-0.0003
2024-07-30,16.0423,-61.6645,O,,,,,,,,,,,,,,,,,,,,,,,,,,,,,,0.0399
2024-07-30,16.0423,-61.6645,S,0.0275,0.0237,0.0137,0.0117,0.0083,0.0049,-0.0039,-0.0062,-0.0072,-0.0067,-0.0052,-0.0038,-0.0018,0.0018,0.0042,0.0056,0.0069,0.0061,0.004,0.0024,0.0014,0.0042,0.0027,0.0041,0.0014,-0.0003,-0.0032,-0.0084,-0.006,-0.0086
2024-07-30,16.0423,-61.6645,SE,,0.0301,0.0217,0.0179,0.0156,,-0.0033,-0.0048,-0.0047,-0.0055,-0.0042,0.0009,0.0044,0.0048,0.0044,0.0052,0.0029,0.0026,-0.0019,-0.0003,-0.0031,-0.0051,-0.0035,-0.0035,-0.0058,-0.0093,,,,
2024-07-30,16.0423,-61.6645,SO,,-0.0268,-0.0298,-0.0279,-0.0272,,,-0.0267,,,,-0.0081,-0.0041,0.0014,0.0032,0.0066,0.005,0.007,0.0055,0.0039,0.0033,0.0008,-0.0004,-0.0023,-0.0023,-0.0031,-0.0023,-0.0026,-0.0003,0.0018
2024-10-10,16.0421,-61.6676,E,,,0.0158,0.0095,0.0065,0.0069,0.0054,0.0061,0.0058,0.0017,-0.001,-0.001,-0.0014,-0.001,-0.0007,-0.0002,0.0003,0.0004,0.0007,-0.0004,-0.0013,-0.0017,,-0.0018,,,,,,
2024-10-10,16.0421,-61.6676,NO,0.0102,,,,,,,,,0.0026,0.0007,0.0006,-0.0034,-0.0006,0.0027,0.0066,0.0045,0.0071,0.003,0.0028,-0.0039,-0.0101,-0.0142,,,,,,,
2024-10-10,16.0421,-61.6676,O,,0.0017,0.0003,-0.0016,-0.0041,-0.0049,-0.0055,-0.0055,-0.0049,-0.0049,-0.0011,-0.0018,-0.0005,0.002,0.0034,0.0049,0.0048,0.0018,-0.0034,-0.0081,-0.0085,-0.0074,-0.0056,-0.0026,-0.0005,0.0004,0.0019,0.0037,0.0042,0.0052
2024-10-10,16.0421,-61.6676,S,0.0172,0.0165,0.0146,0.0168,0.0161,0.0164,0.0161,0.0103,0.0097,0.0043,-1e-04,-0.0027,-0.0003,-0.0008,-0.0016,-0.0038,-0.0047,-0.0023,-0.0019,-0.0019,-0.0036,-0.0037,0.0002,0.0054,0.0055,0.0041,0.0029,0.0036,0.0061,0.0028
2024-10-10,16.0421,-61.6676,SE,,0.0128,0.009,0.0063,0.0043,0.0034,0.0029,0.0018,0.0026,-0.0008,-0.0036,-0.004,,,,,,,,,,,,,,,,,,
2024-10-10,16.0421,-61.6676,SO,,0.019,0.0197,0.0192,0.0203,0.0197,0.0168,0.0119,0.0078,0.0079,0.0037,0.0071,0.0068,0.0049,0.0054,0.0025,0.0022,-0.0007,-0.003,-0.0073,-0.0067,-0.005,-0.0057,-0.0023,-0.0027,-0.0007,-0.0013,0.0029,0.002,0.0034
2024-11-19,16.044,-61.6631,N,,,,,,,,,,,,,,,,,,,,,,,,,,,,-0.0034,-0.0031,-0.0021
2024-11-19,16.044,-61.6631,NO,,,,,,,,,,,,,,,,,,,0.0197,-0.0166,-0.0163,-0.0174,,,,,,,,
2024-11-19,16.044,-61.6631,O,,,,,,,,,,,,0.0,,,,,,,,,,,,,,,,,,
2024-11-19,16.044,-61.6631,S,0.0681,,,,,,,,,,-0.0215,0.004,0.0063,0.0108,0.0125,0.0128,0.0093,0.0057,0.0118,-0.0032,0.0106,-0.0099,0.0109,0.0107,-0.0018,-0.0009,-0.0019,-0.0,0.0048,
2024-11-19,16.044,-61.6631,SE,,,,,,,,,,,,,-0.0026,,,,,,,,,,,,,,,,,
2024-11-19,16.044,-61.6631,SO,,,,,,,,,,,0.0131,0.0146,0.0059,,-0.0081,-0.0076,,,-0.0194,-0.0207,-0.0225,-0.0221,-0.0077,-0.0012,0.012,0.0166,,0.0234,0.0246,0.0245
2024-12-21,16.041,-61.6673,E,0.0833,0.0804,0.076,0.0659,0.0536,0.0463,0.0454,0.0433,0.0449,0.0439,0.045,0.0437,0.0412,0.0341,0.0232,0.0136,0.0048,-0.0007,-0.0024,-0.0071,-0.0132,-0.0135,-0.0183,-0.0224,-0.0257,-0.0304,-0.0278,-0.0381,-0.045,-0.0521
2024-12-21,16.041,-61.6673,N,0.1319,0.121,0.1058,0.0925,0.0829,0.0811,0.0728,0.0601,0.0458,0.0321,0.0125,-0.0107,-0.0308,-0.0282,-0.0276,-0.0305,-0.0264,-0.0243,-0.0206,-0.0198,-0.0112,-0.0098,-0.01,-0.0129,,-0.0093,-0.0109,-0.0068,,-0.0287
2024-12-21,16.041,-61.6673,NE,,0.0014,-0.0063,-0.0099,-0.0108,-0.0122,-0.0102,-0.0034,0.0002,0.0037,0.0036,0.0023,0.003,,0.0346,0.0208,0.0002,-0.0655,-0.0691,,,,,,,,,,,
2024-12-21,16.041,-61.6673,NO,,0.0936,0.0785,0.0713,0.0665,0.0627,0.0523,0.0428,0.0334,0.0213,0.0259,0.0045,-0.0113,0.0159,-0.0191,-0.0231,-0.0084,0.0137,-0.0175,-0.0252,0.0044,-0.0312,-0.0296,-0.0288,-0.0054,-0.0192,-0.0151,-0.0139,-0.0117,-0.0119
2024-12-21,16.041,-61.6673,O,,0.0669,0.0669,0.0602,0.0538,0.0565,0.0515,0.0553,0.0451,0.046,0.0346,0.0319,0.0146,0.0056,0.008,0.0086,0.0067,0.0052,-0.0012,-0.0082,-0.0112,-0.0113,0.0027,-0.0015,0.0007,-0.0105,-0.0179,-0.0259,-0.0373,-0.0525
2024-12-21,16.041,-61.6673,S,-0.0284,-0.0294,-0.0295,-0.029,-0.0271,-0.025,-0.0182,-0.0192,-0.0169,-0.015,-0.0142,-0.0168,-0.0083,-0.0115,-0.0086,-0.0075,-0.0075,-0.005,-0.0034,-0.0034,-0.01,-0.0074,-0.0051,0.008,0.0076,0.0125,0.0072,0.0083,0.0109,0.0137
2024-12-21,16.041,-61.6673,SE,,0.08,0.073,0.0618,0.0534,0.0422,0.0369,0.0282,0.0228,0.0169,-0.0068,-0.0026,-0.0078,0.0021,-0.0035,0.0136,0.0164,0.0137,0.005,0.0037,0.0042,-0.0073,-0.0236,-0.0432,-0.0396,-0.0593,-0.06,0.0093,-0.0025,0.0037
2024-12-21,16.041,-61.6673,SO,,-0.0308,-0.0273,-0.0255,-0.0211,-0.0157,-0.0079,-0.0072,-0.0035,-0.001,-0.0004,-0.0012,0.0046,0.005,0.0033,0.0065,0.0013,0.0044,0.0043,0.0032,0.0023,0.0039,0.0034,0.0066,0.0085,0.0079,0.004,0.0005,-0.0026,-0.006
2024-12-29,16.0432,-61.6639,E,0.1617,0.1549,,,,,,,,,,,,,,,,,,,,,,,,,,,,
2024-12-29,16.0432,-61.6639,S,0.1593,,,,,,,,-0.0067,-0.013,-0.0161,-0.0138,-0.0091,-0.0048,0.0003,0.0054,0.0101,0.0139,0.0166,0.0165,0.0141,0.0116,0.0111,0.0068,0.0041,-0.0022,-0.0061,-0.0082,-0.0079,-0.0059
2024-12-29,16.0432,-61.6639,SE,,,,,,,,,-0.0115,-0.0133,-0.0156,-0.0144,-0.0145,-0.0087,0.0016,0.0119,0.0212,0.0283,0.0273,0.0227,0.0079,0.0036,-0.005,-0.0136,-0.0124,-0.0121,-0.01,-0.0068,-0.0024,0.0014
2025-09-27,16.0396,-61.6631,E,,0.0167,0.0,,,,,,,,,,,,,,,,,,,,,,,,,,,
2025-09-27,16.0396,-61.6631,N,-0.0055,-0.0061,-0.0128,-0.0191,-0.0199,-0.0254,-0.0272,-0.0326,-0.0088,-0.0118,-0.0225,-0.0181,-0.0496,-0.049,-0.0426,-0.0658,-0.0692,,,,,0.0208,0.0702,0.0844,0.0923,0.0661,-0.0345,-0.0231,-0.0093,0.0043
2025-09-27,16.0396,-61.6631,NE,,-0.1195,,,,,,,,,,,,,,,,,,,,,,,0.0112,0.0169,0.0032,-0.0941,-0.1912,
2025-09-27,16.0396,-61.6631,NO,,,,,,,,,,,,,,,,,,,,-0.0474,-0.041,-0.034,-0.0134,-0.0133,0.0029,0.0087,0.0086,0.0045,0.0098,0.0082
2025-09-27,16.0396,-61.6631,O,0.0242,,,,,,,,,,,,,,,,,,,,,,,,,,,,,
2025-09-27,16.0396,-61.6631,S,-0.0232,-0.0273,-0.0289,-0.0345,,,,,,,,,,,,,,,,-0.0055,0.0038,0.0046,0.0066,0.0065,0.0069,0.008,0.0061,0.0002,-0.0044,-0.0099
2025-09-27,16.0396,-61.6631,SE,,0.0171,0.0096,0.0064,,,,,,,,,,,,,,,,,,,,,,,,,,
2025-09-27,16.0396,-61.6631,SO,,-0.0238,-0.03,,,,,,,,,,,,,,,,,,,-0.024,-0.0227,-0.016,0.0003,0.0044,-0.0027,0.0043,0.0063,0.009
2025-12-24,16.0432,-61.6634,E,,0.1367,0.1367,0.0398,0.0314,0.0261,0.0248,,,,,,,,,,1e-04,0.0003,0.0003,-0.0004,-0.0013,-0.0018,-0.0021,-0.0028,-0.003,-0.002,0.0014,0.0021,0.0032,0.0039
2025-12-24,16.0432,-61.6634,N,,,,,,,,,,,,,,,,,,,,-0.0535,0.0407,0.0302,0.0152,0.0212,-0.0029,0.0062,-0.011,-0.0239,-0.0306,-0.0334
2025-12-24,16.0432,-61.6634,NE,,0.0571,,,,,,,,,,,,,,,,,,,,0.0276,0.0251,0.0126,0.0015,-0.0,-0.0066,-0.0077,-0.0051,0.0019
2025-12-24,16.0432,-61.6634,NO,,,,,,,,,0.0109,0.0092,0.0063,-0.0005,-0.0062,-0.0024,-0.0049,0.0064,0.0114,0.0205,0.0075,-0.0127,-0.0161,-0.0163,-0.0136,-0.0155,-0.0129,-0.0064,0.0005,0.0074,0.011,0.0133
2025-12-24,16.0432,-61.6634,O,,,,,,,,-0.0065,-0.0051,-0.0032,-0.0012,-1e-04,-0.0013,-0.0007,-0.0014,-0.0013,0.0009,0.0035,0.0046,0.0077,0.0043,0.0035,0.0031,-1e-04,-0.0012,-0.0039,-0.0042,-0.004,-0.0041,-0.0021
2025-12-24,16.0432,-61.6634,S,0.1157,0.113,0.1114,0.0447,0.0392,0.0344,0.0285,0.026,0.0279,0.0218,-0.0048,-0.0078,-0.0094,-0.009,-0.0077,-0.0059,-0.0039,-0.0033,-0.0021,0.0005,0.0022,0.0031,0.0025,0.0003,-0.0014,-0.0021,-0.0013,-0.0045,-0.0043,-0.0045
2025-12-24,16.0432,-61.6634,SE,,0.13,0.1284,0.1264,0.0259,0.0229,,,,,,-0.0012,-0.0031,-0.0028,-0.0036,-0.004,0.001,0.0062,0.0123,0.0051,-0.0032,-0.0013,-0.0045,-0.0052,-0.0059,-0.0064,-0.007,-0.0057,-0.003,0.0007
2025-12-24,16.0432,-61.6634,SO,,,,-0.0051,-0.0044,0.0072,0.0085,0.0113,0.0115,0.0073,0.0068,0.0075,0.0045,0.0053,0.0043,-0.0009,0.0004,-0.0022,-0.0057,-0.0087,-0.001,-0.0067,-0.0034,-0.0055,-0.0034,-0.0037,-0.005,-0.003,-0.0047,-0.0003
