file,date,direction,distance_bin,original_value
alaid.csv,2016-07-06,NE,45m,1.031
arenal.csv,2001-06-15,SO,45m,1.0339
arenal.csv,2008-03-05,NE,75m,1.0215
biliran.csv,2013-08-10,SO,45m,1.0947
bogoslof.csv,2008-11-18,E,45m,-1.2591
bogoslof.csv,2008-11-18,E,75m,-1.4407
bogoslof.csv,2017-08-15,SE,45m,-1.0138
bogoslof.csv,2019-08-14,E,45m,-5.025
copahue.csv,2018-12-07,NE,75m,-1.2214
copahue.csv,2018-12-07,NE,105m,-1.9538
copahue.csv,2018-12-07,NE,135m,-2.2143
copahue.csv,2018-12-07,NE,165m,-1.1539
erta_ale.csv,2014-11-02,NO,45m,1.0182
erta_ale.csv,2014-11-02,NO,75m,1.0119
erta_ale.csv,2014-11-02,NO,105m,1.0346
erta_ale.csv,2015-02-06,NO,45m,1.0178
erta_ale.csv,2016-05-23,O,15m,1.0125
erta_ale.csv,2016-11-23,NO,105m,1.0156
etna.csv,2025-08-23,NE,45m,1.0188
fuego.csv,2016-09-07,NO,45m,1.1584
fuego.csv,2016-09-07,NO,75m,1.2223
fuego.csv,2016-09-07,NO,105m,1.1773
fuego.csv,2016-09-07,NO,135m,1.1083
fuego.csv,2017-03-02,SE,45m,1.0897
fuego.csv,2017-03-02,SE,75m,1.0357
fuego.csv,2019-03-08,E,45m,1.0065
fuego.csv,2020-10-12,SE,45m,1.0615
fuego.csv,2021-02-01,S,15m,1.0059
fuego.csv,2021-02-01,S,45m,1.0059
fuego.csv,2023-02-15,E,45m,1.0079
ibu.csv,2020-03-09,SO,45m,1.0008
ibu.csv,2021-11-15,SO,45m,1.145
ibu.csv,2021-11-15,SO,75m,1.0291
kawah_ijen.csv,2013-11-10,NO,45m,1.5169
kawah_ijen.csv,2023-09-19,NE,195m,-1.1293
kawah_ijen.csv,2023-11-22,O,15m,1.0032
kawah_ijen.csv,2023-11-22,O,45m,1.0011
kadovar.csv,2015-06-04,N,45m,8.8195
kadovar.csv,2015-06-04,N,75m,7.364
kadovar.csv,2015-06-04,N,105m,5.5916
kadovar.csv,2015-06-04,N,135m,2.9842
kadovar.csv,2015-07-22,N,45m,13.3109
kadovar.csv,2015-07-22,N,75m,11.4625
kadovar.csv,2015-07-22,N,105m,9.0926
kadovar.csv,2015-07-22,N,135m,5.94
kadovar.csv,2015-07-22,N,165m,2.0067
kadovar.csv,2015-08-23,N,45m,12.3183
kadovar.csv,2015-08-23,N,75m,10.634
kadovar.csv,2015-08-23,N,105m,8.4633
kadovar.csv,2015-08-23,N,135m,5.5729
kadovar.csv,2015-08-23,N,165m,1.9089
kadovar.csv,2015-09-24,N,45m,13.1184
kadovar.csv,2015-09-24,N,75m,11.0359
kadovar.csv,2015-09-24,N,105m,8.6721
kadovar.csv,2015-09-24,N,135m,5.5022
kadovar.csv,2015-09-24,N,165m,1.8412
kadovar.csv,2016-07-08,NO,15m,-1.105
kadovar.csv,2017-08-28,NO,15m,-7.3996
kadovar.csv,2017-08-28,NO,45m,-5.8745
kadovar.csv,2017-08-28,NO,75m,-5.1606
kadovar.csv,2017-08-28,NO,105m,-4.3257
kadovar.csv,2017-08-28,NO,135m,-1.7768
kadovar.csv,2018-05-27,NO,45m,-1264.8474
kadovar.csv,2018-05-27,NO,75m,-1096.5686
kadovar.csv,2018-05-27,NO,105m,-866.4164
kadovar.csv,2018-05-27,NO,135m,-856.0679
kadovar.csv,2018-07-30,NO,45m,-109.7408
kadovar.csv,2018-07-30,NO,75m,-91.6494
kadovar.csv,2018-07-30,NO,105m,-70.6089
kadovar.csv,2018-07-30,NO,135m,-76.1439
kadovar.csv,2021-03-16,NO,45m,-1.423
kadovar.csv,2021-03-16,NO,75m,-1.2283
kadovar.csv,2024-08-15,NO,45m,-4.0377
kadovar.csv,2024-08-15,NO,75m,-3.6192
kadovar.csv,2024-08-15,NO,105m,-3.0576
kadovar.csv,2024-08-15,NO,135m,-2.4591
kadovar.csv,2024-08-15,NO,165m,-1.7549
kadovar.csv,2024-09-24,N,45m,-1.4183
kadovar.csv,2024-09-24,N,75m,-1.1617
kadovar.csv,2024-09-24,NO,45m,-4.833
kadovar.csv,2024-09-24,NO,75m,-4.3278
kadovar.csv,2024-09-24,NO,105m,-3.6434
kadovar.csv,2024-09-24,NO,135m,-2.9325
kadovar.csv,2024-09-24,NO,165m,-2.006
kadovar.csv,2024-10-02,NO,15m,-2.5604
kadovar.csv,2024-10-02,NO,45m,-2.2554
kadovar.csv,2024-10-02,NO,75m,-2.0098
kadovar.csv,2024-10-02,NO,105m,-1.8151
kadovar.csv,2024-10-02,NO,135m,-1.601
kadovar.csv,2024-10-02,NO,165m,-1.1547
kadovar.csv,2025-07-25,N,45m,2.9448
kadovar.csv,2025-07-25,N,75m,2.6553
kadovar.csv,2025-07-25,N,105m,2.2027
kadovar.csv,2025-07-25,N,135m,1.5902
karangetang.csv,2014-02-20,NO,15m,1.4113
karangetang.csv,2015-07-25,O,45m,5.5272
karangetang.csv,2015-07-25,O,75m,5.3391
karangetang.csv,2015-07-25,O,105m,5.1014
karangetang.csv,2015-07-25,O,135m,3.3942
karangetang.csv,2015-07-25,O,165m,1.678
karangetang.csv,2015-08-18,O,45m,1.3779
karangetang.csv,2015-08-18,O,75m,1.5272
karangetang.csv,2015-08-18,O,105m,1.2945
karangetang.csv,2019-05-09,N,45m,1.197
karangetang.csv,2019-09-22,SO,15m,1.7685
karangetang.csv,2019-09-22,SO,45m,1.451
karymsky.csv,2010-08-24,O,45m,1.01
kilauea.csv,2022-08-20,NE,45m,1.0569
kilauea.csv,2022-08-20,NO,15m,2.9458
kilauea.csv,2022-08-20,NO,45m,2.4115
kilauea.csv,2022-08-20,NO,75m,1.8132
kilauea.csv,2022-08-20,NO,105m,1.373
kilauea.csv,2025-09-22,N,15m,1.014
klyuchevskoy.csv,2007-07-24,N,105m,1.0656
klyuchevskoy.csv,2015-02-04,O,135m,1.0014
klyuchevskoy.csv,2016-07-07,NO,45m,-1.7525
klyuchevskoy.csv,2016-07-07,NO,75m,-1.6767
klyuchevskoy.csv,2023-10-16,NO,75m,1.0461
klyuchevskoy.csv,2023-11-01,E,45m,4.2033
koryaksky.csv,2014-09-11,NE,45m,-4.6363
koryaksky.csv,2014-09-11,NE,75m,-3.4609
koryaksky.csv,2014-09-11,NE,105m,-2.7577
koryaksky.csv,2014-09-11,NE,135m,-2.3497
koryaksky.csv,2014-09-11,NE,165m,-1.3593
krakatau_lago2.csv,2001-08-07,NE,15m,1.7002
krakatau_lago2.csv,2001-08-07,NE,75m,1.4418
krakatau_lago2.csv,2022-07-08,E,45m,1.5131
krakatau_lago2.csv,2022-07-08,E,75m,1.5028
krakatau_lago2.csv,2022-07-08,E,105m,1.3106
krakatau_lago2.csv,2022-07-08,N,45m,1.0562
krakatau_lago2.csv,2022-07-08,N,75m,1.0319
krakatau_lago2.csv,2022-07-08,NE,15m,1.1277
krakatau_lago2.csv,2022-07-08,NE,75m,1.1073
krasheninnikov.csv,2007-07-24,E,195m,1.8585
krasheninnikov.csv,2021-07-29,N,15m,1.4665
krasheninnikov.csv,2021-07-29,N,45m,1.39
krasheninnikov.csv,2021-07-29,N,75m,1.0527
llaima.csv,2008-02-11,SO,105m,1.2147
marchena.csv,2011-05-31,E,75m,-1.0046
merapi.csv,2024-09-18,N,15m,1.0251
miyakejima.csv,2000-07-19,N,45m,1.7953
miyakejima.csv,2000-07-19,N,75m,1.5427
miyakejima.csv,2000-07-19,N,105m,1.596
miyakejima.csv,2000-07-19,N,135m,1.4232
miyakejima.csv,2000-07-19,N,165m,1.0794
mutnovsky.csv,2019-09-02,O,45m,1.0785
mutnovsky.csv,2019-09-02,O,75m,1.0216
nevado_del_ruiz.csv,2015-12-21,SE,15m,1.1777
nevado_del_ruiz.csv,2016-01-30,O,45m,1.6519
nevado_del_ruiz.csv,2016-01-30,O,75m,1.094
nevado_del_ruiz.csv,2023-12-03,N,45m,1.0286
nyamuragira.csv,2015-02-09,O,45m,1.1229
nyamuragira.csv,2015-02-09,O,75m,1.1749
nyamuragira.csv,2018-08-12,O,45m,1.1704
nyamuragira.csv,2018-08-12,O,75m,1.2694
nyamuragira.csv,2018-08-12,O,105m,1.1958
nyamuragira.csv,2018-08-12,O,135m,1.0155
nyamuragira.csv,2019-01-11,SE,45m,1.0382
nyamuragira.csv,2021-08-28,SE,45m,1.0046
nyamuragira.csv,2021-09-05,S,45m,1.0145
nyamuragira.csv,2021-09-05,S,75m,1.0078
nyamuragira.csv,2021-10-31,O,45m,1.1411
nyamuragira.csv,2021-10-31,O,75m,1.0948
nyamuragira.csv,2021-11-08,O,45m,1.1567
nyamuragira.csv,2021-11-24,O,75m,1.0012
nyamuragira.csv,2022-05-19,S,45m,3.0273
nyamuragira.csv,2022-05-19,S,75m,2.6142
nyamuragira.csv,2024-06-25,NO,45m,3.7215
nyamuragira.csv,2024-06-25,NO,75m,3.6048
nyamuragira.csv,2024-06-25,NO,105m,3.699
nyamuragira.csv,2024-06-25,NO,135m,2.9645
nyamuragira.csv,2025-02-20,O,45m,1.3583
nyamuragira.csv,2025-02-20,O,75m,1.225
nyamuragira.csv,2025-02-28,E,75m,1.0393
nyamuragira.csv,2025-02-28,O,45m,1.5828
nyamuragira.csv,2025-02-28,O,75m,1.4284
nyamuragira.csv,2025-02-28,O,105m,1.5018
nyamuragira.csv,2025-04-09,N,15m,-2.3953
nyamuragira.csv,2025-04-09,N,45m,-2.1103
nyamuragira.csv,2025-04-09,N,75m,-1.9965
nyamuragira.csv,2025-04-09,N,105m,-1.491
nyamuragira.csv,2025-04-09,NO,45m,1.9363
nyamuragira.csv,2025-04-09,NO,75m,2.3903
nyamuragira.csv,2025-04-09,NO,105m,2.5833
nyamuragira.csv,2025-04-09,NO,135m,2.4402
nyamuragira.csv,2025-08-23,E,75m,-1.1141
nyiragongo.csv,2003-01-15,S,15m,-6.6834
nyiragongo.csv,2013-06-27,SO,15m,-3.6488
nyiragongo.csv,2013-06-27,SO,45m,-2.326
nyiragongo.csv,2013-06-27,SO,75m,-1.2492
nyiragongo.csv,2013-07-29,S,15m,-6.9034
nyiragongo.csv,2013-07-29,S,75m,1.0727
nyiragongo.csv,2013-07-29,SO,45m,1.0255
nyiragongo.csv,2015-01-08,SO,15m,-5.5217
nyiragongo.csv,2015-01-08,SO,45m,-1.0364
nyiragongo.csv,2015-05-16,NO,15m,1.0334
nyiragongo.csv,2015-05-16,NO,45m,1.0544
nyiragongo.csv,2015-05-16,NO,75m,1.0679
nyiragongo.csv,2015-09-21,SO,15m,-1.5726
nyiragongo.csv,2017-03-26,S,15m,-48.1895
nyiragongo.csv,2017-03-26,S,75m,-14.723
nyiragongo.csv,2017-03-26,S,105m,-2.9837
nyiragongo.csv,2018-08-12,NE,45m,1.0706
nyiragongo.csv,2019-06-12,SO,15m,-8.1217
nyiragongo.csv,2019-06-12,SO,45m,-5.8467
nyiragongo.csv,2019-06-12,SO,75m,-2.7243
nyiragongo.csv,2019-06-12,SO,105m,1.2703
nyiragongo.csv,2022-05-19,S,15m,-4.5108
nyiragongo.csv,2022-05-19,S,45m,-3.0111
nyiragongo.csv,2023-07-25,NE,45m,1.0274
nyiragongo.csv,2024-06-25,NE,45m,1.0265
pacaya.csv,2020-01-22,NE,15m,1.0239
pacaya.csv,2020-12-23,SE,45m,1.4183
pacaya.csv,2020-12-23,SE,75m,1.0456
puyehue_cordon_caulle.csv,2009-03-08,NE,15m,-1.134
puyehue_cordon_caulle.csv,2015-03-26,NE,45m,1.8129
puyehue_cordon_caulle.csv,2015-03-26,NE,75m,1.1379
raikoke.csv,2025-10-26,E,105m,-4.1301
raikoke.csv,2025-10-26,E,45m,-8.9046
raikoke.csv,2025-10-26,E,75m,-9.0546
raikoke.csv,2025-10-26,E,165m,-1.7302
reventador.csv,2005-11-23,O,15m,1.4621
reventador.csv,2005-11-23,O,45m,1.4289
reventador.csv,2005-11-23,O,75m,1.3853
reventador.csv,2005-11-23,O,105m,1.3682
reventador.csv,2005-11-23,O,135m,1.3407
reventador.csv,2005-11-23,O,165m,1.2962
reventador.csv,2005-11-23,O,195m,1.313
reventador.csv,2024-09-24,SO,45m,1.0019
sangeang_api.csv,2014-10-15,NO,15m,1.1097
sinabung.csv,2014-03-30,NE,75m,1.1024
sinabung.csv,2016-05-30,E,15m,1.0031
sirung.csv,2023-04-17,NO,195m,-1.4274
tinguiririca.csv,2014-11-26,N,45m,1.7085
tinguiririca.csv,2014-11-26,N,75m,1.5915
tinguiririca.csv,2014-11-26,N,105m,1.4256
tinguiririca.csv,2014-11-26,NE,15m,1.5015
tinguiririca.csv,2014-11-26,NE,45m,1.4695
tinguiririca.csv,2014-11-26,NE,75m,1.3553
tinguiririca.csv,2014-11-26,NE,105m,1.2583
tinguiririca.csv,2014-11-26,NE,135m,1.1351
tinguiririca.csv,2014-11-26,NE,165m,1.0937
ulawun.csv,2020-06-12,NE,45m,-1.2705
ulawun.csv,2020-06-12,NE,75m,-2.1443
ulawun.csv,2020-06-12,NE,105m,-2.425
ulawun.csv,2020-06-12,NE,135m,-2.5793
villarrica.csv,2021-03-18,N,15m,-1.7852
villarrica.csv,2021-03-18,N,45m,-1.7053
villarrica.csv,2021-03-18,N,75m,-1.5982
villarrica.csv,2021-03-18,N,105m,-1.5419
villarrica.csv,2021-03-18,N,135m,-1.5395
villarrica.csv,2021-03-18,N,165m,-1.4401
villarrica.csv,2021-03-18,N,195m,-1.3141
villarrica.csv,2023-02-03,N,75m,1.3247
villarrica.csv,2023-02-03,N,105m,1.3752
villarrica.csv,2023-02-04,N,45m,2.1469
villarrica.csv,2023-02-28,N,75m,1.0342
villarrica.csv,2023-02-28,N,105m,1.0343
villarrica.csv,2024-01-29,SO,75m,1.0745
villarrica.csv,2024-02-07,N,45m,1.0242
whakaari_white_island_lago2.csv,2021-02-13,E,15m,-1.1993
whakaari_white_island_lago2.csv,2021-02-13,E,45m,-1.5645
whakaari_white_island_lago2.csv,2021-02-13,E,75m,-1.7061
whakaari_white_island_lago2.csv,2021-02-13,E,105m,-1.1479
