date,center_lat,center_long,direction,15m,45m,75m,105m,135m,165m,195m,225m,255m,285m,315m,345m,375m,405m,435m,465m,495m,525m,555m,585m,615m,645m,675m,705m,735m,765m,795m,825m,855m,885m
2000-04-15,-4.0794,145.0412,E,,0.0206,0.0135,0.0023,-0.0042,-0.0186,-0.0195,-0.0172,-0.0186,-0.0098,-0.0171,-0.0024,0.0021,0.0082,-0.0252,0.0009,-0.0244,-0.0392,-0.0179,0.0078,-0.0154,-0.0152,-0.0099,0.0021,0.0168,0.0365,0.0419,0.0155,0.0155,0.0083
2000-04-15,-4.0794,145.0412,N,,0.0445,0.0447,0.0319,0.0291,0.0375,0.0349,0.0152,0.0026,0.0053,-0.0236,-0.0307,-0.0199,-0.0109,0.0122,0.0195,0.0221,0.0073,0.0125,0.0244,0.0358,0.0174,-0.0005,-0.0032,-0.0117,0.0015,-0.0105,0.0073,-0.0098,-0.0416
2000-04-15,-4.0794,145.0412,NE,0.044,0.0404,0.0388,0.0213,-0.0027,-0.006,-0.0039,0.003,0.0076,0.0016,0.0127,-0.0241,-0.0107,-0.0047,-0.0057,-0.0083,0.0062,0.0138,0.0051,0.0117,0.0029,0.0032,0.0081,0.0073,0.0008,0.009,0.0008,-0.0019,0.001,-0.0012
2000-04-15,-4.0794,145.0412,NO,,0.0135,0.0139,0.0081,0.0276,0.0094,0.009,-0.0205,-0.0367,-0.0474,-0.0575,-0.0514,-0.0191,0.0056,0.0398,0.0404,0.0308,0.0479,0.0344,0.0181,0.0002,-0.0058,-0.0148,-0.0194,-0.0283,-0.0255,-0.0195,-0.0195,-0.0059,0.0067
2000-04-15,-4.0794,145.0412,O,,0.1029,0.0781,0.072,0.085,0.0889,0.0691,0.0477,0.0448,0.0279,0.0061,0.0021,-0.0054,0.0013,0.0058,0.0011,-0.0035,0.0082,-0.0047,-0.0195,-0.011,0.0005,-0.0047,-0.0088,-0.0077,-0.0164,-0.0061,0.0094,0.0142,0.0256
2000-04-15,-4.0794,145.0412,S,0.13,,,,,,,,,,,,,,,,,,,,,,,,,,,,,
2000-04-15,-4.0794,145.0412,SE,0.1363,,,,,,,,,,,,,,,,,,,,,,,,,,,,,
2000-04-15,-4.0794,145.0412,SO,,0.102,,,,0.102,,,,,,0.0224,-0.0076,-0.007,-0.0055,-0.0041,-0.0032,-0.0034,-0.0025,-0.0039,-0.0033,-0.0026,-0.0012,0.0,-0.0005,-0.001,-0.0016,-0.0011,-0.0016,-0.0008
2000-09-06,-4.0786,145.0412,E,,0.0322,0.0171,-0.0015,0.0017,-0.0656,,-0.0444,-0.0471,-0.0364,-0.0131,-0.0626,-0.0394,-0.0325,-0.0162,-0.003,0.0067,0.048,0.0554,0.0619,0.0531,0.0419,0.0214,0.0212,0.0093,-0.0071,0.0011,-1e-04,-0.0018,0.02
2000-09-06,-4.0786,145.0412,N,,0.0487,0.0603,0.0693,0.0662,0.064,0.063,0.0617,0.061,0.0502,0.0382,0.0374,0.0328,0.0337,0.0181,0.0104,0.0149,-0.0048,0.0374,0.0078,0.0791,0.0284,-0.0252,0.0312,0.0194,-0.0412,-0.0272,0.0184,,-0.1558
2000-09-06,-4.0786,145.0412,NE,0.0985,0.1156,0.1051,0.1051,0.1024,0.1078,0.1161,0.0886,0.0172,0.01,-0.0097,-0.0415,-0.0304,-0.0137,0.0017,-0.0172,-0.0238,-0.0152,-0.0232,-0.0105,0.0181,0.0265,0.0174,0.0267,0.0286,0.0148,0.0027,-0.0034,-0.0099,-0.0044
2000-09-06,-4.0786,145.0412,NO,-0.0141,-0.0015,-0.0012,-0.02,0.0076,-0.0012,0.0076,0.0038,0.0111,0.02,0.0316,0.0282,0.0504,0.0582,0.0497,0.0492,0.0553,0.0507,0.0478,0.0522,0.0627,0.0688,0.0681,0.0628,0.0251,0.0357,0.0229,0.0119,0.0055,0.0299
2000-09-06,-4.0786,145.0412,O,,0.1549,0.1172,0.0743,0.0777,0.0338,-0.0025,0.0017,0.0305,0.0573,0.0882,0.0933,0.0865,0.0542,-0.0058,-0.0642,-0.0826,-0.0939,-0.1231,-0.1144,-0.0941,-0.0993,-0.0584,-0.0411,-0.0296,-0.0036,0.0117,0.0313,0.0422,0.0513
2000-09-06,-4.0786,145.0412,S,,0.2907,0.2594,0.21,,,,,,,,,,,,,,,,,,,,,,,,,,
2000-09-06,-4.0786,145.0412,SE,0.1365,0.127,0.1105,0.0656,0.0029,,-0.0068,-0.005,,,,,,0.0384,0.0416,0.0071,0.0588,0.0549,0.0164,-0.0274,-0.0067,0.0134,0.0233,0.0078,-0.0021,-0.0132,-0.0147,-0.018,-0.0077,-0.022
2000-09-06,-4.0786,145.0412,SO,0.3057,0.2736,0.2171,0.1645,,,,,,,,,,,0.025,-0.0061,-0.0087,-0.0071,-0.0053,-0.0016,0.0013,0.0013,-0.0018,-0.0007,0.0025,0.0042,0.0018,-0.0005,-0.0014,-0.0015
2002-10-30,-4.0813,145.0406,E,,0.0157,,,,0.0814,0.0277,0.0469,0.0425,0.0159,0.0037,0.0115,-0.0031,-0.0126,-0.017,-0.0342,,,,,,,,,,,,,,
2002-10-30,-4.0813,145.0406,N,0.0256,0.0033,-0.0254,-0.0447,-0.0721,-0.0645,-0.0724,-0.0782,-0.074,-0.0618,-0.008,0.0065,0.0078,0.0272,0.0325,0.0404,0.0483,0.0495,0.0422,0.0361,0.0371,0.0326,0.0307,0.0181,0.007,0.0032,-0.0156,-0.0263,-0.0332,-0.0576
2002-10-30,-4.0813,145.0406,NE,0.0301,0.005,0.0148,0.0239,-0.0565,-0.0153,-0.0163,0.0015,0.0096,0.009,0.0267,0.0243,0.0418,0.0316,0.0489,0.0152,0.0184,-0.0417,0.0138,-0.0248,-0.1335,-0.0533,0.1358,-0.1538,-0.1876,,,,,
2002-10-30,-4.0813,145.0406,NO,,0.0493,0.0345,0.0271,0.0211,0.0116,0.0109,0.0115,0.0161,0.016,-0.0039,0.0048,-0.0229,-0.0106,-0.0069,-0.0042,0.0048,0.0012,0.0086,-0.0033,-0.0122,-0.0111,-0.0184,-0.0088,0.0026,0.0173,0.0263,0.0224,0.005,-0.0049
2002-10-30,-4.0813,145.0406,O,,0.1019,0.074,0.0506,0.0353,0.0222,0.0133,0.0132,0.0137,0.0108,0.02,0.0217,0.0297,0.0364,0.0265,0.0363,0.039,0.028,0.014,0.0356,0.0386,0.0548,0.0551,0.0384,0.0192,0.0092,-0.0381,-0.0692,-0.0934,-0.0933
2002-10-30,-4.0813,145.0406,S,0.2768,0.2598,0.2303,0.202,,,,,0.0,0.0,0.0,0.0,0.0,0.0,,,,,,,,,,,,,,,,
2002-10-30,-4.0813,145.0406,SE,-0.1687,-0.1524,-0.1634,-0.1532,,,0.003,0.0154,0.0179,0.0082,0.0062,0.0456,0.039,-0.0442,,-0.0235,,,,,,,,,,,,,,
2002-10-30,-4.0813,145.0406,SO,,0.1835,0.1513,0.1297,0.0887,0.0685,0.0378,0.0275,-0.0147,0.0011,-0.002,-0.0102,-0.0146,-0.0181,0.0027,0.003,-0.0193,0.0042,-0.0026,0.0004,0.003,0.0092,0.0122,0.0024,-0.0026,,0.0137,0.0079,-0.0016,-0.0202
2004-04-26,-4.0786,145.0412,E,,-0.0172,-0.0241,-0.0303,-0.0328,-0.0361,-0.0262,-0.0213,-0.0208,-0.0093,0.0167,-0.0428,-0.0419,-0.025,-0.0217,-0.018,-0.0009,0.0246,0.0326,0.0386,0.0459,0.0377,0.044,,,,0.0025,0.0151,0.0032,0.0028
2004-04-26,-4.0786,145.0412,N,,0.1761,,,,,,,,,,,,,,,-0.0058,0.0054,0.0025,,,,,,,,,,,
2004-04-26,-4.0786,145.0412,NE,0.0333,0.0351,0.0269,0.0263,0.0352,0.0409,0.0266,-0.0053,0.0021,-0.0062,-0.0032,-0.0133,0.0116,0.0082,-0.005,-0.013,-0.0046,-0.0063,-0.0055,-0.0164,0.0255,0.0421,,,,,,,,
2004-04-26,-4.0786,145.0412,NO,0.2065,0.1945,0.1804,0.1663,,,,,,,,,,,,,,,,,,,,,,,,,,
2004-04-26,-4.0786,145.0412,O,,0.1128,0.1014,0.0862,0.0829,0.0715,0.0563,,,,,,,0.0147,0.033,0.0075,-0.0057,-0.0143,-0.0244,-0.0349,,,,,,,,,,
2004-04-26,-4.0786,145.0412,S,,-0.0224,-0.0155,-0.0224,-0.0014,-0.0152,-0.0047,0.0006,0.0083,0.0042,0.0011,-0.0121,-0.0205,-0.0327,,,,,,,,,,,,,,,,
2004-04-26,-4.0786,145.0412,SE,0.0165,0.0166,0.0092,0.0041,-0.005,-0.0158,0.0015,0.0088,-0.0016,-0.0176,-0.0175,-0.0146,-0.0113,-0.006,-0.0055,-0.003,0.0005,-0.0044,0.0083,0.0248,0.0353,0.0229,0.0255,-0.0135,-0.03,-0.0298,-0.0382,-0.0069,0.0101,0.0079
2004-04-26,-4.0786,145.0412,SO,0.1159,0.103,0.0828,0.0563,0.0404,0.0579,0.0647,0.0536,0.0599,0.0512,0.0386,,,,-0.0171,-0.0202,-0.0292,-0.0225,-0.0183,0.0029,0.0041,0.0087,-0.0008,-0.0005,0.0059,0.0084,-0.0022,-0.0067,-0.0109,0.012
2009-06-27,-4.0816,145.0409,E,,-0.0658,-0.0866,,,,,,,,,0.0636,0.0108,,,,,,,,-0.0159,-0.0233,-0.0073,-0.006,0.0177,,,,,
2009-06-27,-4.0816,145.0409,N,,-0.1063,-0.0912,-0.0748,-0.0712,-0.0776,-0.0759,-0.0506,-0.015,0.0,0.0072,0.013,0.0161,0.0234,0.029,0.0303,0.03,0.0416,0.0321,0.0159,-0.0079,-0.0098,-0.0083,0.0156,0.0085,0.0053,0.0009,-0.0591,-0.0554,-0.0081
2009-06-27,-4.0816,145.0409,NE,-0.0771,-0.0662,-0.0239,-0.0018,-0.0059,-0.0105,-0.0109,0.0037,0.0126,0.016,0.0181,0.026,0.0318,0.0244,0.0243,0.0234,0.0125,0.012,0.0096,0.0046,0.0007,-0.0131,0.0017,0.0008,-0.0083,-0.0053,0.0011,-0.0071,-0.0065,-0.0049
2009-06-27,-4.0816,145.0409,NO,,,0.0639,,,,,,,,-0.012,-0.0157,-0.0236,-0.0195,-0.0146,-0.0095,-0.0043,0.0153,0.0177,0.0168,0.0166,0.0064,0.0046,-0.003,0.0027,-0.0038,-0.0006,-0.0032,-0.0042,-0.0038
2009-06-27,-4.0816,145.0409,O,,,,,,,,,0.0148,0.0016,-0.01,-0.0152,-0.0125,-0.006,-0.0068,-0.005,-0.0031,0.0093,0.0077,-0.0048,0.0027,0.0164,0.0107,-0.0023,-0.0084,-0.0165,-0.0088,-0.0147,0.0049,-0.0132
2009-06-27,-4.0816,145.0409,S,,,,,,,,,,-0.0013,,,,,,,,,-0.0,0.0018,,,0.0109,,0.0011,-0.0063,-0.0065,-0.0038,-0.0004,0.0009
2009-06-27,-4.0816,145.0409,SE,0.1174,,0.1158,,,,,,,,,,,,,,,,,,,,,,,,,0.1169,0.1172,
2009-06-27,-4.0816,145.0409,SO,,,,,,,,,-0.0028,-0.0004,0.0119,-0.0114,0.0013,-0.0144,0.0129,0.0094,0.0084,0.0024,-0.0173,-0.0094,0.0005,-0.0039,-0.0101,-0.0129,-0.007,-0.012,-0.0062,-0.0062,0.0087,0.0098
2010-05-29,-4.08,145.0385,E,,0.0042,0.0583,,,,,,-0.0236,-0.0069,-0.0154,,,,,,,0.01,-0.0021,-0.0078,-0.0058,-0.0123,0.0087,0.0037,0.0005,-0.0005,,,,
2010-05-29,-4.08,145.0385,N,,0.1753,0.034,0.026,0.0257,0.0243,0.0127,-0.0062,-0.0115,-0.0006,0.0177,0.0114,0.002,0.0102,0.0122,0.0095,0.0093,0.009,0.0104,0.0063,-0.0041,-0.0109,-0.0123,-0.0105,-0.0066,-0.0082,-0.003,0.0082,0.0057,0.0039
2010-05-29,-4.08,145.0385,NE,0.0053,-0.0094,-0.0605,-0.0155,-0.0072,-0.0142,-0.0153,-0.0007,0.0129,0.0189,0.0153,0.0189,0.0052,0.0113,0.0101,0.0085,0.0062,0.0008,-0.0057,-0.0092,-0.02,-0.0201,-0.022,-0.0048,-0.0063,0.0107,0.011,0.0096,0.0101,0.0175
2010-05-29,-4.08,145.0385,NO,0.2878,,,,,,,,-0.0539,-0.0333,-0.0336,-0.0394,-0.0281,0.0047,-0.008,0.007,0.0155,-0.0018,0.0108,0.0125,0.0061,0.0145,0.0022,0.0006,-0.0004,0.0022,0.0021,0.0018,-0.0152,-0.0072
2010-05-29,-4.08,145.0385,O,,,,,,,,0.011,-0.0149,-0.0013,0.0278,0.0417,0.0051,-0.0196,-0.0129,-0.0089,-0.0118,-0.0046,-0.0036,0.003,0.0108,0.0052,0.0012,0.0132,0.0264,0.0202,0.0271,0.0054,0.0057,-0.011
2010-05-29,-4.08,145.0385,SE,,,0.0477,0.0353,0.048,0.0225,0.0098,0.0166,,,0.0419,,,,,,,,,,,,,,,,,,,
2010-05-29,-4.08,145.0385,SO,,,,,,,,,0.0397,0.0361,0.022,0.0156,0.0083,0.0047,-0.0004,-0.0094,-0.0134,-0.0147,-0.0137,-0.0153,-0.01,0.0044,0.0111,-0.0115,-0.0093,-0.0036,0.0016,0.0002,0.0102,0.0201
2010-11-21,-4.0767,145.0377,E,,0.3383,0.1952,0.0852,0.0052,-0.0061,0.0298,0.0297,0.0113,0.0136,,0.0432,,,,,,-0.0144,-0.0244,-0.0344,-0.0175,-0.018,-0.0159,-0.018,0.0344,0.0062,-0.0018,0.0047,-0.0064,-0.0204
2010-11-21,-4.0767,145.0377,N,,,,0.9011,0.4269,0.2824,0.1315,0.0566,0.0151,0.0122,0.0012,0.0052,0.0079,-0.0031,-0.0054,-0.0038,-0.0063,-0.0053,-0.0015,0.0017,0.0023,0.005,0.0074,0.0012,0.0018,0.0115,0.002,0.0046,0.0043,-0.0058
2010-11-21,-4.0767,145.0377,NE,0.8447,,0.5886,0.3308,0.1696,0.027,0.0267,0.0171,0.0024,-0.0019,-0.0125,0.0061,0.0023,0.0099,0.0133,0.0065,0.0188,0.0213,0.0232,0.0033,-0.0096,0.0082,-0.0076,-0.0132,-0.0128,-0.0073,-0.0006,0.0104,0.0153,0.0201
2010-11-21,-4.0767,145.0377,NO,0.7992,,0.6665,0.5152,0.3165,0.0284,-0.0986,-0.0481,-0.0093,-0.0901,-0.0609,-0.0445,-0.004,-0.0146,0.0295,0.0133,0.0037,-0.0662,-0.0254,-0.0439,-0.0366,-0.0247,-0.016,-0.0141,-0.0099,-0.0004,-0.0015,0.0082,0.0116,0.0149
2010-11-21,-4.0767,145.0377,O,,0.2455,0.2676,-0.001,-0.0751,-0.1097,-0.1073,-0.111,-0.0703,0.0246,0.1123,0.2684,0.4533,0.0629,0.0076,,,,,,,-0.0419,-0.0088,-0.0074,-0.0301,-0.019,-0.0065,-0.0421,-0.0209,-0.0255
2010-11-21,-4.0767,145.0377,S,,0.2597,0.1422,0.0748,0.0365,0.0187,0.0034,-0.0,,,,,,,-0.0,-0.0,0.0,,,,0.0,-0.0,-0.0,-0.0,-0.0,-0.0,-0.0,-0.0,-0.0,-1e-04
2010-11-21,-4.0767,145.0377,SE,0.4398,0.2441,0.1828,0.0363,,0.0,0.0,,,,0.0,0.0,,,,,,,,,,0.0,0.0,0.0,0.0,0.0,0.0,0.0,,0.0
2010-11-21,-4.0767,145.0377,SO,0.3371,,0.123,0.0666,0.0088,0.036,0.0291,0.0318,,,,,,,,,,,,-0.0237,-0.0089,-0.0387,0.0052,0.0303,0.0232,0.0165,0.0025,-0.0012,-0.0133,-0.0172
2011-08-20,-4.0805,145.0385,E,,0.3123,0.0992,-0.1046,-0.1699,-0.1297,-0.1373,-0.1485,-0.1378,-0.1041,-0.0768,-0.0159,0.0591,0.1494,0.1377,0.1721,0.0455,-0.0592,-0.1046,,,,,,-0.0523,-0.0343,-0.0132,0.0003,0.0113,0.0109
2011-08-20,-4.0805,145.0385,N,,0.3241,0.1007,0.0247,0.0011,-0.0109,-0.0312,-0.0172,-0.003,0.0087,0.0049,0.0098,0.0036,0.0011,0.0125,0.0152,0.0261,0.0176,0.0282,0.0286,0.0245,0.0136,0.0046,-0.0116,-0.0196,-0.016,-0.016,-0.0156,-0.0154,-0.0204
2011-08-20,-4.0805,145.0385,NE,,0.426,0.3345,0.1052,0.0316,0.0214,0.02,0.0041,0.0197,0.028,0.0113,0.0068,0.0007,-0.0051,-0.0049,-0.0055,-0.0025,-0.0056,-0.008,-0.0077,-0.0062,-0.011,-0.0144,-0.0108,-0.0063,0.0073,0.0138,0.0011,0.0139,0.015
2011-08-20,-4.0805,145.0385,NO,0.8457,0.2008,0.1045,0.0531,0.041,-0.0046,0.0211,-0.0149,-0.0285,0.0007,0.0144,-0.0016,0.0362,0.0651,0.0508,0.064,0.039,0.0799,-0.0508,-0.0477,-0.0464,-0.0306,-0.0309,-0.0113,-0.0162,-0.0095,-0.0067,-0.0126,-0.0181,-0.0083
2011-08-20,-4.0805,145.0385,O,,0.3365,0.1399,0.0757,0.0181,-0.0142,-0.0111,-0.0076,,,,,,,0.0106,0.0002,-0.0005,0.0026,0.0003,0.0004,0.0023,0.0069,0.0101,0.0079,-0.0022,-0.0146,-0.009,0.0056,-0.0043,0.0061
2011-08-20,-4.0805,145.0385,S,,0.446,0.2604,0.0925,,0.0,0.0,0.0,0.0,0.0,,0.0,,,,,,,,,,,,,,,,,,
2011-08-20,-4.0805,145.0385,SE,,,,0.1931,0.0193,-0.0278,-0.015,-0.0234,0.0031,0.016,0.0127,0.0049,-0.0156,-0.01,-0.012,-0.0009,0.0298,,,,,,,,,,,,,
2011-08-20,-4.0805,145.0385,SO,,0.3082,0.1595,0.096,0.0339,0.0258,0.0259,0.0239,0.0181,0.009,1e-04,-0.0069,-0.0136,,,-0.0368,-0.0398,-0.0393,-0.0122,-0.0052,0.0083,0.0111,0.012,0.0186,-0.0013,0.0219,0.0096,0.0067,0.0064,0.0036
2013-06-22,-4.084,145.0352,N,0.2529,0.1645,,0.0334,-0.0258,0.0224,0.1779,-0.0068,0.0616,0.0862,-0.0125,,,-0.0498,0.0161,0.0068,-0.0108,-0.0407,-0.0541,-0.0578,-0.0457,-0.0358,-0.0445,-0.0023,0.0121,0.0067,-0.0009,-0.0104,-0.0074,-0.0133
2013-06-22,-4.084,145.0352,NE,,,,,,,,,,,,,,,,,,,,,,,,0.0118,,,,,,
2013-06-22,-4.084,145.0352,NO,,0.203,0.1745,0.2116,0.3035,0.3535,0.3517,0.2053,0.1182,0.0365,-0.0505,-0.0543,-0.0548,-0.0551,-0.0551,-0.038,-0.0259,-0.004,0.0046,0.0051,0.0197,0.014,0.0169,0.0056,-0.002,-0.0019,-0.0017,-0.0057,-0.0135,-0.0226
2013-06-22,-4.084,145.0352,O,,0.2533,0.1592,0.1861,0.1915,0.1529,0.0958,0.0477,0.0426,0.0382,0.0375,0.0367,0.0146,0.0109,0.0003,-0.0293,-0.0536,,,,,,,,,,-0.036,-0.0365,-0.0348,-0.0357
2013-06-22,-4.084,145.0352,S,,0.3578,0.2847,0.1965,0.1351,0.1154,0.1075,0.1075,0.0709,0.0357,0.0008,-0.0173,-0.0143,-0.0179,-0.0173,-0.0084,0.0018,-0.0066,0.0035,-0.0009,-0.0189,-0.0218,-0.0237,-0.0182,-0.0165,-0.0238,-0.0184,-0.0188,-0.0126,-0.0168
2013-06-22,-4.084,145.0352,SE,,,,,,,,,,0.0251,-0.0245,-0.0425,-0.008,-0.0112,-0.0062,-0.0129,0.0149,-1e-04,0.0016,0.0005,-0.0032,0.0067,-0.0018,0.0102,0.0065,0.0074,0.0054,0.005,0.0109,0.0106
2013-06-22,-4.084,145.0352,SO,,0.1853,0.1389,0.1028,0.0861,0.0872,0.0326,0.0157,0.0055,-0.0019,-0.0032,-0.0057,-0.0006,-0.0066,-0.009,-0.0113,-0.0036,0.0089,0.0105,0.0173,0.0204,0.0189,-0.007,-0.0072,-0.0017,0.0034,0.0033,-0.004,-0.0037,-0.0028
2013-09-02,-4.08,145.039,E,,0.4624,0.3545,0.2679,0.2115,0.1072,0.0422,0.0083,-0.0071,0.0039,0.0048,0.0136,0.0117,0.0032,0.0017,-0.013,-0.0105,-0.0091,-0.0018,-0.0011,0.0034,0.0322,0.0266,0.0108,0.0025,-0.0037,-0.0086,-0.0086,-0.0098,-0.01
2013-09-02,-4.08,145.039,N,,0.3696,0.3599,0.3303,0.3022,0.2689,0.2265,0.175,0.1225,0.1145,0.0286,0.0321,-0.027,-0.0376,-0.0352,-0.0348,-0.0335,-0.0313,-0.0284,-0.0266,-0.0221,-0.016,-0.0113,-0.0122,-0.0125,-0.0288,-0.1009,-0.0957,-0.0926,-0.0799
2013-09-02,-4.08,145.039,NE,0.4463,0.4576,0.4028,0.3683,0.2919,0.2614,0.1638,0.1068,0.0272,0.0172,-0.0184,-0.0177,-0.0129,-0.0017,0.0044,0.0097,0.0093,-0.0013,0.0043,-0.0012,-0.0109,-0.0198,-0.0141,-0.0183,-0.0005,-0.0022,0.0034,0.005,0.0127,0.0175
2013-09-02,-4.08,145.039,NO,0.4447,0.4038,0.3639,0.2961,0.2513,0.1727,0.2135,0.2086,0.0805,0.0519,0.0258,-0.0236,-0.0469,-0.0209,-0.0142,-0.0065,-0.0135,-0.0101,0.0122,0.0071,0.0254,0.029,0.0472,0.062,-0.0123,0.0201,0.0049,-0.0073,-0.0136,-0.024
2013-09-02,-4.08,145.039,O,,0.586,0.4828,0.4011,0.286,0.1707,0.0462,0.0044,0.0276,0.014,0.0165,0.009,0.0004,-0.0112,-0.0181,-0.0188,-0.0175,-0.0016,-0.0006,0.0072,0.0004,-0.0016,-0.0,0.0087,0.0131,0.0094,0.0082,-1e-04,-0.0134,0.0027
2013-09-02,-4.08,145.039,S,,0.5658,0.4691,0.3251,0.2254,0.1071,0.0512,0.0221,0.0073,0.0041,0.0029,0.0008,0.0006,-0.0005,-0.0026,-0.0046,-0.0067,-0.0067,-0.0043,-0.0046,-0.0029,-0.0019,-0.0002,-0.0005,-0.0028,0.0008,-0.0005,0.0002,0.0034,0.0046
2013-09-02,-4.08,145.039,SE,0.5702,0.4922,0.4114,0.2889,0.1959,0.1247,0.0687,0.047,0.0269,0.006,,0.0165,-0.0025,-0.0068,-0.0089,-0.0092,-0.0143,-0.0104,-0.0069,-0.0016,0.0047,0.0093,0.0046,0.0022,0.0033,-0.0037,0.0007,0.0056,-1e-04,0.0018
2013-09-02,-4.08,145.039,SO,0.6193,0.5262,0.3966,0.3369,0.2261,0.1277,0.0476,-0.0119,-0.0165,-0.0142,-0.0023,0.0049,-0.0003,-0.0136,-0.0171,-0.0112,0.0092,0.0115,0.0173,0.0198,0.0179,0.0077,-0.0045,-0.0009,0.0048,-0.0054,-0.0106,-0.0074,-0.0088,-0.0108
2014-05-08,-4.08,145.0388,E,,0.0633,0.0204,0.0233,0.0158,-0.0015,-0.0076,-0.011,-0.0247,-0.0304,-0.0177,0.0021,0.0263,,,,,0.0219,0.0148,0.0163,0.011,0.0284,0.0375,0.0161,0.0005,-0.0031,-0.0094,-0.0146,-0.0202,-0.0118
2014-05-08,-4.08,145.0388,N,,0.2143,0.0464,-0.0213,-0.0157,-0.0151,-0.0261,-0.0339,-0.0266,-0.0109,-0.016,-0.0248,-0.0201,-0.0205,-0.0192,-0.0168,-0.003,0.0053,0.0074,0.0162,0.0131,0.0161,0.0079,0.0047,-0.0014,-0.0016,-0.0005,-0.0086,-0.0112,-0.0033
2014-05-08,-4.08,145.0388,NE,0.1581,0.1127,-0.0217,-0.0382,-0.042,-0.0404,-0.0264,-0.0218,-0.0235,-0.0146,-0.0056,0.0155,0.0236,0.0317,0.0265,0.0259,0.041,0.051,0.0424,0.0174,0.0204,-0.0032,-0.0225,-0.0026,0.0026,0.0047,-0.0003,0.001,-0.0035,-0.0098
2014-05-08,-4.08,145.0388,NO,0.2334,,0.0382,0.0361,0.0406,0.037,0.0241,0.0239,0.0427,0.0226,0.0079,-0.001,-0.0094,-0.0051,0.0048,-0.0004,-0.0071,-0.0045,-0.0061,-0.0086,-0.0123,0.0,0.011,-0.0117,0.011,0.0166,0.0181,0.0296,0.0178,0.0082
2014-05-08,-4.08,145.0388,O,,0.2134,0.1119,0.04,0.0104,-0.0091,-0.0019,-0.0148,-0.0197,-0.0066,0.0135,0.0223,0.0087,-0.011,-0.0185,-0.0166,-0.0292,,,,,-0.0179,-0.0057,0.01,0.0159,0.0115,0.0146,0.0104,-0.0088,-0.0073
2014-05-08,-4.08,145.0388,S,,,,,,-0.0549,-0.0487,-0.0412,-0.0189,-0.0254,-0.0284,-0.0193,-0.0158,-0.0142,-0.0151,-0.0014,0.0081,0.0092,0.0125,0.0187,0.018,0.0105,0.0011,0.0021,-0.0199,-0.0048,-0.0094,-0.0072,-0.003,-0.0036
2014-05-08,-4.08,145.0388,SE,0.1773,0.1142,0.0788,0.0517,0.0363,0.0169,0.0003,-0.0109,-0.0097,-0.0005,0.0077,0.013,0.008,0.0049,-0.01,-0.0187,-0.0083,-0.0034,-0.0048,0.0003,,0.0361,0.0289,0.0232,0.0131,0.0049,-0.0034,0.004,-0.0027,-0.0053
2014-05-08,-4.08,145.0388,SO,0.3047,0.2294,0.1649,0.091,0.0371,0.0246,0.019,0.0166,0.0153,0.0151,0.0111,0.0043,-0.0012,-0.0072,-0.0101,-0.0117,-0.0079,-0.0087,-0.0079,-0.0166,-0.0217,-0.0275,-0.0296,-0.0178,-0.0056,0.0033,0.0031,0.0174,0.0157,0.0134
2014-08-12,-4.08,145.0388,E,,0.0655,0.1032,,0.0831,,,,,,,-0.0232,0.1034,0.0653,-0.001,-0.0187,-0.0089,0.0031,-0.0172,-0.0233,-0.0114,0.0005,0.0113,0.0165,0.0117,0.0117,0.002,-0.0067,-0.0136,-0.0233
2014-08-12,-4.08,145.0388,N,,0.2826,0.0735,-0.0132,-0.0091,-0.0081,-0.0206,-0.0263,-0.0208,-0.0121,-0.0005,0.0039,0.0051,0.0084,0.0095,-0.0099,0.0099,0.0131,0.0186,0.0367,0.0421,0.047,0.0418,0.0322,0.0253,0.0272,0.012,-0.0085,-0.0329,-0.0482
2014-08-12,-4.08,145.0388,NE,0.1082,0.0642,0.0717,-0.0996,-0.166,-0.1618,-0.141,-0.1193,-0.0821,,,,0.0175,,-0.0027,0.0043,0.0214,0.0152,0.0251,0.0292,-0.0005,-0.0153,-0.0046,-0.0063,0.0069,0.0171,0.0212,0.0037,0.0232,0.0219
2014-08-12,-4.08,145.0388,NO,0.3571,0.2284,0.1039,0.0732,0.0723,0.0829,0.0653,0.0725,0.0695,0.0458,-0.0062,-0.0105,-0.0241,0.0059,-0.0144,-0.0115,-0.0222,0.0158,-0.0129,-0.0163,-0.0295,-0.011,-0.0273,-0.0352,-0.0366,-0.0124,0.0209,0.0148,-0.0113,0.0094
2014-08-12,-4.08,145.0388,O,,0.3404,0.1749,0.116,0.0961,0.0021,-0.0031,-0.0045,-0.0086,-0.0047,-0.0014,0.0085,-0.003,-0.0171,-0.0216,-0.0077,-0.0023,-0.0003,0.0033,0.0148,0.0108,0.031,0.0442,0.0442,,,,-0.0044,-0.0118,-0.0152
2014-08-12,-4.08,145.0388,S,,,,,,,,,,,,,,,,,,,,,,,,,,,,,,0.0
2014-08-12,-4.08,145.0388,SE,,,,,,,,,,,,,,0.0953,,,,,,,,,,,,,,,,
2014-08-12,-4.08,145.0388,SO,,,,,0.0785,0.0746,,,0.0546,,,0.0539,0.0338,0.0187,0.0143,0.0071,-0.005,-0.0241,-0.0153,0.0049,0.0156,0.0186,0.0144,0.0254,-0.0005,0.0009,-0.017,-0.0248,-0.0289,-0.0322
2014-08-28,-4.0778,145.0406,E,,0.3302,0.2747,,,,,,,,,,,-0.0585,0.0068,-0.0009,-0.0227,0.0155,0.016,0.0283,0.0533,0.0455,,,,,,-0.0281,0.0114,0.0041
2014-08-28,-4.0778,145.0406,N,,0.0082,0.0392,0.0706,0.0886,0.1045,0.1277,0.1227,0.1128,0.1312,0.0968,0.0852,0.0737,0.0444,0.0157,-0.0173,-0.0442,-0.052,-0.0709,-0.0319,-0.0032,-0.0193,-0.0199,0.0129,-0.0146,0.0024,-0.0014,0.0169,0.048,0.0509
2014-08-28,-4.0778,145.0406,NE,0.2943,0.3087,0.2403,0.2191,0.184,0.1889,0.2404,0.1616,0.1685,0.118,0.0604,0.001,-0.0305,-0.033,-0.0393,-0.0287,-0.0417,-0.0938,-0.0423,0.0045,0.0166,0.0242,0.0306,0.0377,0.0402,0.0332,0.012,-0.0141,-0.0245,-0.0119
2014-08-28,-4.0778,145.0406,NO,-0.2459,,-0.2186,-0.2608,-0.1718,-0.1077,-0.1202,-0.004,0.0214,0.0399,0.0526,0.0371,0.0366,0.038,0.0114,0.0206,0.0276,0.03,-0.0149,-0.017,-0.0216,-0.0233,-0.0286,-0.025,-0.0291,,,,,
2014-08-28,-4.0778,145.0406,O,,0.1242,0.0572,0.0195,0.0039,,,,,,,0.0771,0.1051,0.1173,0.0708,0.0334,-0.0122,-0.0436,-0.0455,-0.0235,-0.0103,-0.0322,-0.0432,-0.067,-0.0554,-0.0471,-0.0518,-0.0432,-0.0503,0.0624
2014-08-28,-4.0778,145.0406,S,,0.1239,0.0791,-0.0096,-0.0997,-0.0108,-0.0019,-0.0203,-0.0088,0.0065,0.0009,,,,,,,,,,,,,,-0.022,-0.0092,-0.0092,0.0133,0.0086,
2014-08-28,-4.0778,145.0406,SE,0.4346,0.4327,0.4095,0.3052,0.23,,,,,,,,,,,,,,,,,,,,,,,,,
2014-08-28,-4.0778,145.0406,SO,0.3383,0.3144,0.2553,0.2265,0.208,0.1896,0.1802,0.1815,0.1756,,,,0.1158,0.0702,-0.0159,-0.0083,-0.0377,-0.0498,-0.0344,-0.0307,-0.0022,0.0041,0.0214,-0.009,-0.0107,0.0054,0.0214,0.0083,-0.005,-0.0085
2014-12-02,-4.0816,145.0398,E,,0.2368,0.1906,,,,,,,,,,,,,,,,,,,,,,,,,,,0.0
2014-12-02,-4.0816,145.0398,N,0.4441,0.3692,0.3169,0.2765,0.1944,0.0741,0.0688,0.0642,,,,,,0.0309,0.0309,0.0263,0.017,-0.1008,-0.0699,-0.0451,-0.0533,-0.0086,0.0088,0.0127,0.0243,0.0214,0.0084,0.0028,0.0067,0.0139
2014-12-02,-4.0816,145.0398,NE,0.2572,0.2211,0.188,0.1542,0.1432,0.1252,0.085,0.0262,0.0043,-0.0141,0.0057,-0.0124,-0.0191,-0.0074,-0.0009,0.0178,0.0065,-0.0005,0.0132,,,,,,,,,,,
2014-12-02,-4.0816,145.0398,NO,,0.3729,0.3319,0.3047,0.2662,0.2249,0.1507,0.1038,0.0496,0.0134,-0.0125,-0.0209,-0.037,-0.042,-0.0489,-0.0637,-0.0546,-0.0364,0.0073,0.0139,0.0395,0.0235,0.0204,0.0188,0.017,0.01,0.0013,0.0106,-0.0099,-0.0133
2014-12-02,-4.0816,145.0398,O,,0.3456,0.2754,0.2079,0.1586,0.143,0.131,0.1169,0.0877,0.0274,-0.0341,-0.0581,-0.0772,-0.0805,-0.0451,-0.0212,-0.1043,-0.0706,,,,,0.0195,0.0239,0.0259,0.0186,0.0111,-0.0031,0.0101,0.0058
2014-12-02,-4.0816,145.0398,S,,,0.1028,0.0248,,-0.0579,-0.0506,-0.0514,-0.0656,-0.0435,-0.0365,-0.0573,-0.0773,-0.0905,-0.0864,-0.0281,0.0459,0.003,-0.0348,,0.007,0.0311,0.0279,0.0189,0.0096,0.0046,0.0022,0.0041,0.0096,0.0006
2014-12-02,-4.0816,145.0398,SE,0.2807,,0.2137,0.1565,,,,,,,,,,,,,,,0.001,-0.0103,-0.0029,0.0014,0.0134,-0.0047,0.0123,-0.0028,-0.0024,-0.0041,-0.0045,-0.0047
2014-12-02,-4.0816,145.0398,SO,,0.2682,0.1159,0.0985,0.042,0.0011,,,,,,,,,0.0415,0.0463,0.0274,0.0562,0.0252,0.0193,0.0563,0.086,0.0582,-0.1009,-0.0693,0.0139,-0.0126,-0.0202,-0.0348,-0.0359
2015-06-04,-4.0764,145.0382,E,,,,0.1454,0.0605,-0.0404,,-0.0366,,-0.0439,0.0204,0.0188,0.0253,0.0322,0.0418,0.0422,0.0435,0.0072,0.0158,0.0151,0.0277,0.0382,0.0241,0.0255,0.0182,0.0067,0.0039,-0.0332,-0.0323,-0.0273
2015-06-04,-4.0764,145.0382,N,,0.2661,,0.1418,0.0835,0.0392,-0.0077,-0.0245,-0.0326,-0.014,,,0.0263,0.0314,-0.0033,-0.0108,-0.0084,-0.0161,-0.0063,-0.0057,-0.0071,-0.008,-0.0054,-0.0026,-0.01,0.0028,-0.0117,-0.0179,-0.0267,-0.0263
2015-06-04,-4.0764,145.0382,NE,,,0.2571,0.1928,0.1397,0.1106,0.0789,0.0478,0.0155,0.0095,0.0197,0.0034,0.006,-0.0019,-0.0004,0.003,0.0017,0.0056,-0.0065,-0.0064,-0.0168,-0.0169,-0.0152,-0.0155,-0.0047,-0.0022,0.0085,0.0125,0.0183,0.0273
2015-06-04,-4.0764,145.0382,NO,0.3353,0.2432,,,,0.0285,0.0178,-0.0067,-0.0097,-0.0063,0.0009,-0.0025,0.0108,0.0231,0.0203,0.0215,-0.0069,0.0088,-0.0129,0.0039,0.0125,-0.0031,0.0135,0.0078,0.0166,0.0067,0.0033,-0.0075,-0.0112,-0.0178
2015-06-04,-4.0764,145.0382,O,,0.3639,,,,,,0.0962,0.0501,,0.0357,,0.0793,0.1154,,,-0.0596,-0.0486,-0.041,-0.0309,-0.0255,-0.0262,-0.0127,-0.0073,-0.0024,0.011,0.0215,0.0177,0.0167,0.0193
2015-06-04,-4.0764,145.0382,SE,,0.4024,0.3742,0.2771,0.1677,0.0966,,,,,,,,,,,,,,,,,,,,,,,,
2015-06-04,-4.0764,145.0382,SO,,,,,,,0.0522,,,,,,,,,,,,,,,,,,,,,,,
2015-08-15,-4.0802,145.0385,E,,0.2378,0.0241,-0.1365,-0.0873,-0.1417,,-0.0325,-0.0348,-0.0274,0.0095,0.0388,0.0537,0.0571,0.126,0.0253,,0.0566,,,,-0.0944,-0.0424,0.0137,0.0097,0.016,-0.011,-0.0127,-0.0103,-0.0175
2015-08-15,-4.0802,145.0385,N,,0.3903,0.2358,0.1197,0.0863,0.0764,0.0903,0.0505,0.1054,0.148,0.0118,0.0506,0.0561,0.0417,0.0541,0.0368,0.0161,-0.0067,-0.0094,0.0008,-0.0134,-0.003,-0.0026,-0.0065,-0.0227,-0.0214,-0.0379,-0.0158,-0.0073,0.0025
2015-08-15,-4.0802,145.0385,NE,0.1966,0.1711,0.0453,-0.0259,-0.0297,0.0695,0.1004,0.0706,-0.0234,-0.0165,-0.03,-0.0143,-0.0153,-0.0198,-0.0165,-0.0084,-0.0064,-0.0063,-0.0042,0.0177,0.0584,0.0694,0.0745,0.0245,0.0101,-0.0041,-0.0114,-0.0183,0.0117,0.0056
2015-08-15,-4.0802,145.0385,NO,0.2693,0.0625,0.0062,-0.0568,-0.0461,-0.0164,0.0212,0.0704,0.0128,-0.0194,0.0155,-0.0497,-0.003,0.0025,-0.0032,-0.0145,-0.0561,0.1439,0.083,0.1292,0.1489,0.1403,0.1291,0.1234,-0.1711,-0.1621,-0.1573,-0.154,-0.1514,-0.1463
2015-08-15,-4.0802,145.0385,O,,0.296,0.1626,0.0513,-0.0264,-0.0795,-0.1251,-0.1113,-0.0487,0.0491,0.1,0.1359,0.2042,,,,,,-0.0322,-0.0308,-0.0301,-0.022,-0.0122,0.0008,0.0082,0.0097,0.0254,0.0068,-0.0057,-0.0052
2015-08-15,-4.0802,145.0385,S,,0.3061,0.1014,0.0462,0.0053,-0.0098,-0.0113,-0.0129,-0.017,-0.0162,-0.0141,-0.0076,-0.0152,-0.0198,-0.0145,0.0112,0.0028,0.007,0.0079,0.0012,0.0111,0.0135,0.0056,0.0241,0.0168,0.0161,0.0087,0.0122,0.019,0.0255
2015-08-15,-4.0802,145.0385,SE,0.4217,0.218,0.2241,0.0394,-0.0273,-0.0395,-0.0424,-0.0424,-0.0285,-0.0191,0.0086,0.0473,0.0507,0.0003,0.001,-0.0043,-0.0011,-0.0191,-0.0069,0.0064,0.0069,-0.0024,-0.0077,-0.0033,0.0003,0.012,0.0112,0.0064,-0.0025,-0.0023
2015-08-15,-4.0802,145.0385,SO,0.7424,0.4995,0.2949,0.2517,0.1555,0.0856,0.0445,0.037,0.0268,0.0127,0.0002,-0.0121,-0.0215,-0.0204,-0.0249,-0.0302,-0.041,-0.0391,-0.0417,0.0022,0.0019,0.0256,0.0215,0.0082,0.0011,0.0023,-0.0016,-0.0202,-0.0096,0.0065
2015-08-31,-4.077,145.0401,E,,0.0849,,,,,,,0.0163,0.0015,0.0234,0.0297,0.0288,0.0138,-0.0036,-0.0007,-0.0028,0.0103,0.0055,-0.0165,-0.0025,0.0084,,,,,,-0.0369,-0.0136,-0.0254
2015-08-31,-4.077,145.0401,N,,,,,,-0.0546,-0.0357,-0.0267,-0.0139,0.0093,0.0143,-0.0064,-0.008,-0.0052,-0.0106,-0.0082,-0.0214,-0.0268,-0.0182,-0.0333,-0.0392,-0.0305,-0.0188,0.019,0.0342,0.0062,-0.0054,0.0373,-0.0207,0.0059
2015-08-31,-4.077,145.0401,NE,0.1347,,,,,,0.108,0.0563,0.0524,0.0332,0.0086,-0.0138,-0.0429,-0.0119,-0.0244,-0.0096,-0.0048,-0.0044,-0.0051,-0.0028,-0.0058,-0.0031,-0.0046,-0.0063,0.002,0.0081,0.0183,0.0245,0.0169,0.0169
2015-08-31,-4.077,145.0401,NO,0.0189,,,,,-0.0171,0.0059,0.0459,0.0563,0.0474,0.0481,0.0372,0.0271,0.0322,0.0065,-0.017,-0.0188,-0.0129,-0.0132,-0.0234,-0.0231,0.0064,0.0276,-0.0701,0.0026,-0.0054,0.0068,0.0152,-0.0185,-0.0199
2015-08-31,-4.077,145.0401,O,,,,,0.0523,0.0813,,,,,,,,0.152,0.1614,0.1619,0.1631,0.1479,0.14,-0.0697,-0.0596,-0.0475,-0.016,0.0233,0.0174,0.0156,0.0054,-0.0266,-0.0369,-0.0123
2015-08-31,-4.077,145.0401,SE,0.222,,,,,,,,,,,,,,,,,,,,,,,,,,,,,
2015-08-31,-4.077,145.0401,SO,0.2455,,0.1799,,,,,,,,,,,,,,,,,,0.0,0.0,0.0,0.0,0.0,0.0,0.0,0.0,0.0,0.0
2015-09-08,-4.0813,145.0409,E,,,,,0.0518,0.0368,0.0057,0.0076,0.0125,0.0166,0.0199,0.0266,0.0322,0.0225,0.0272,0.0561,0.0392,0.0192,-0.0015,-0.0147,-0.0089,-0.0419,-0.0505,-0.0224,-0.033,-0.0348,-0.0246,0.0067,0.0504,0.07
2015-09-08,-4.0813,145.0409,N,,0.1217,0.1026,0.1104,0.0755,0.0885,0.0724,0.0313,0.0167,0.0402,-0.0082,-0.0027,-0.01,-0.0146,-0.0255,-0.0414,-0.0199,0.0351,0.0834,0.1115,,,,,,,,,,
2015-09-08,-4.0813,145.0409,NE,0.1857,0.2248,0.2005,0.1605,0.1083,0.0437,-0.0094,-0.0307,-0.0061,0.0134,0.0366,0.0149,0.0013,-1e-04,-0.0124,-0.015,-0.0018,0.0131,0.0134,-0.0288,-0.0355,0.0108,-0.0369,-0.0479,-0.0283,-0.0139,-0.0273,-0.0085,0.0246,0.0709
2015-09-08,-4.0813,145.0409,NO,,0.0603,0.0433,0.0015,0.0391,0.0146,0.0687,0.0323,0.0436,0.0289,0.0177,0.0011,0.0111,0.0147,0.03,0.0059,0.0182,0.0262,0.0348,0.014,-0.0284,-0.0033,-0.0257,0.0034,-0.0196,-0.0266,0.0106,-0.0117,-0.0347,-0.0418
2015-09-08,-4.0813,145.0409,O,,0.1884,0.152,0.117,0.0983,0.0988,0.111,0.0859,0.0524,0.043,0.0124,-0.0124,-0.0277,-0.0412,-0.045,-0.0355,-0.0228,-0.006,0.0096,0.0161,0.0113,0.0185,0.0306,,,,,,,
2015-09-08,-4.0813,145.0409,S,0.3973,0.3937,0.3792,0.3529,0.3022,0.2266,,,,0.0,,0.0,,,,,,,,,,,,,,,,,,
2015-09-08,-4.0813,145.0409,SE,-0.0744,-0.0509,-0.0636,-0.0567,-0.06,-0.0422,0.0074,-0.032,0.0067,0.0201,0.0115,-0.0085,,,,,,,,,,,,,,,,,,
2015-09-08,-4.0813,145.0409,SO,,0.2388,0.1933,0.164,0.1302,0.1119,0.1046,0.1072,0.0635,0.0202,0.0415,0.018,-0.0235,-0.0299,-0.0254,-0.0284,-0.004,-0.0061,0.0014,-0.0219,,,,,,,0.0329,0.0205,,0.0819
2015-09-16,-4.0789,145.0396,E,,0.084,0.0093,-0.028,-0.0321,-0.037,-0.0158,0.0066,0.0045,0.0054,0.0054,0.0009,-0.0017,0.0007,-0.0014,-0.0075,-0.0059,,,,,,,0.0048,0.0121,0.0039,-0.0044,-0.0045,-0.0063,0.005
2015-09-16,-4.0789,145.0396,N,,0.2638,0.1775,0.1564,0.1048,0.0927,0.0694,0.0523,0.0704,0.0587,0.0287,0.0042,0.0055,0.025,0.0368,0.0291,0.0089,-0.0024,0.0179,0.0199,-0.0208,-0.0176,-0.0083,-0.0153,-0.0003,0.0298,0.037,-0.0009,-0.0637,-0.0927
2015-09-16,-4.0789,145.0396,NE,0.1637,0.1482,0.0618,0.0088,-0.0047,0.0041,0.0142,0.0074,0.0207,0.0165,-0.0083,0.0069,-0.0121,-0.0082,-0.0081,-0.0085,-0.0109,-0.0184,-0.0124,-0.0,0.0309,0.0318,0.0349,0.0198,-0.0014,-0.0157,-0.0134,-0.0115,-0.0058,-0.0072
2015-09-16,-4.0789,145.0396,NO,0.2419,,,,,,,,,,,-0.0813,-0.0308,-0.0459,0.0288,-0.0059,0.0681,0.0628,0.071,0.0811,-0.0305,-0.0252,-0.0078,0.0035,0.0022,0.0418,0.0386,-0.0247,0.0062,-0.0435
2015-09-16,-4.0789,145.0396,O,,,,,,,,,,,,,,,,,,,,,,0.0661,0.0269,0.0021,-0.0005,-0.0054,0.0042,0.005,-0.0169,-0.008
2015-09-16,-4.0789,145.0396,SO,0.3226,,,,,,,,,,,0.0103,0.007,0.0078,-0.0002,,,,,,0.0047,-0.006,-0.0051,0.0115,0.0063,0.0061,-0.0092,-0.009,-0.0164,-0.0282
2015-10-02,-4.081,145.0409,E,,0.1733,0.1123,,0.0777,0.0493,0.034,0.0202,-0.0224,-0.0167,-0.0027,0.0065,0.0123,0.0173,0.0059,-0.0085,0.0358,-0.0409,,,,0.0144,0.0101,-0.0549,-0.0425,-0.0236,0.0135,0.0161,0.0118,-0.0016
2015-10-02,-4.081,145.0409,N,,0.1827,0.1658,0.1565,0.1046,0.0906,0.0582,0.0067,-0.011,0.035,-0.0116,0.0018,-0.0095,0.0008,0.0223,0.0406,0.0323,0.0169,0.0157,0.0217,0.0132,0.0151,0.0142,0.0104,-0.0059,-0.0274,-0.0445,-0.0561,-0.0713,-0.0804
2015-10-02,-4.081,145.0409,NE,0.2039,0.2093,0.1102,0.0628,-0.0208,-0.0791,-0.0507,-0.0408,-0.0218,-0.0004,0.015,0.0346,-0.0191,-0.0128,-0.0041,0.0244,0.0521,0.0683,0.0285,0.0279,0.0091,0.0131,-0.1282,-0.0947,-0.0486,-0.026,-0.0168,-0.0117,0.005,0.0062
2015-10-02,-4.081,145.0409,NO,,-0.1284,-0.1312,-0.1287,-0.0691,-0.0496,-0.0088,-0.0412,-0.0155,0.0199,0.0166,0.0483,0.0373,0.0565,0.0965,0.0793,0.057,0.068,0.0272,0.0251,0.0147,0.0042,0.0074,-0.0313,-0.086,-0.0259,-0.0334,-0.0313,-0.014,-0.0068
2015-10-02,-4.081,145.0409,O,,0.1511,0.0956,0.0487,0.0072,-0.0062,0.0275,0.0399,0.0744,0.082,0.074,0.0675,0.0679,,,,,0.0063,0.0089,0.0121,0.0109,0.0097,0.0023,0.0121,0.0148,-0.0197,-0.0445,-0.0442,-0.0381,-0.0309
2015-10-02,-4.081,145.0409,S,0.3427,0.3436,0.2652,0.237,0.2462,0.1686,0.137,0.1296,0.204,0.0524,-0.0211,-0.0585,-0.0556,-0.0248,-0.0071,0.0082,0.0287,-0.0087,-0.0125,0.0036,-0.0146,-0.0261,-0.0368,-0.0305,-0.016,-0.0015,-0.0023,-1e-04,-0.0029,-0.0267
2015-10-02,-4.081,145.0409,SE,0.212,0.1845,,0.0946,,0.1033,0.1084,0.0955,0.0956,0.0387,-0.0142,-0.0598,-0.0282,-0.0399,-0.0302,0.0383,0.0012,0.0286,0.0275,0.0273,-0.0096,-0.0074,0.0141,-0.0044,-0.0107,-0.0076,-0.0303,-0.013,0.0048,1e-04
2015-10-02,-4.081,145.0409,SO,,0.2073,0.1741,0.1283,0.1087,0.0803,0.0846,0.1368,0.107,0.0485,0.0281,0.0686,0.0217,-0.0366,-0.0256,-0.0601,-0.0783,-0.0698,-0.0404,-0.0335,-0.0311,-0.0168,-0.0155,-0.0113,-0.0376,-0.055,0.0102,0.0093,0.0197,0.0215
2015-10-18,-4.081,145.0409,E,,,,,,,,,,,,,-0.0703,-0.0496,-0.0191,-0.0463,-0.056,-0.0082,-0.0298,-0.0372,-0.0125,1e-04,0.0054,-0.0037,-0.0128,0.0036,0.0243,0.0184,0.0113,0.0085
2015-10-18,-4.081,145.0409,N,,0.3463,0.3161,,,,,,,,,,-0.0839,-0.0734,-0.0146,0.0103,0.0188,0.0141,0.0261,0.016,0.0164,0.0187,0.0168,0.0129,0.0147,0.0157,0.0063,-0.0187,-0.0384,-0.0585
2015-10-18,-4.081,145.0409,NE,0.1917,0.1815,0.0621,0.057,,,,,,,,,-0.0565,-0.0064,0.0439,0.0265,0.0003,-0.0102,-0.0273,-0.06,,,-0.0516,0.0181,0.0171,-0.0002,-0.0011,0.0013,-0.001,-0.0029
2015-10-18,-4.081,145.0409,NO,,0.2313,0.2157,0.2018,0.2145,0.1916,0.1989,0.1096,0.1708,0.0969,0.0117,0.0079,-0.0457,-0.0773,-0.0485,-0.0254,-0.0312,-0.0133,-0.0326,-0.0166,-0.0291,-0.018,-0.023,-0.031,0.0066,-0.007,0.0237,0.0327,0.0412,0.055
2015-10-18,-4.081,145.0409,O,,0.2624,0.1965,0.0905,0.088,0.09,0.0649,0.0374,0.0285,0.0055,-0.0159,-0.0284,-0.048,-0.0257,-0.017,-0.0103,0.0115,0.0325,0.0387,0.0407,0.0325,0.0448,0.0489,,,,,-0.0358,-0.0404,-0.0425
2015-10-18,-4.081,145.0409,S,0.3395,0.3274,0.2627,0.2593,0.1971,0.1389,,0.054,0.0505,0.0082,0.0038,-0.002,-0.0027,-0.0012,0.0199,0.0234,0.0011,-0.015,-0.0192,-0.0221,-0.0214,-0.022,-0.0089,-0.0012,0.0108,0.0072,0.0035,0.0055,-0.0023,-0.0249
2015-10-18,-4.081,145.0409,SE,-0.0592,,,,,,,,,,,,,,,,,,0.0022,0.0165,,,,,,,,,-0.0006,-0.0088
2015-10-18,-4.081,145.0409,SO,,0.2563,0.2053,0.1276,0.107,0.1007,0.0747,0.0602,0.0253,0.0139,-0.001,0.0259,0.0014,-0.0102,-0.0116,-0.021,-0.0126,-0.0116,-0.0093,-0.0229,-0.0091,0.0124,,,,,,,0.0279,0.0182
2015-12-05,-4.0821,145.0336,E,,0.129,,,,,,0.0303,,,,,,0.0066,0.0007,0.001,0.0003,0.0007,-0.0004,-0.0025,-0.002,-0.0017,-0.0026,-0.0026,-0.0029,-0.0019,-0.002,-0.0009,-0.0026,-0.0022
2015-12-05,-4.0821,145.0336,N,,0.0736,,,,,,,,,,,,,,,0.0311,0.0139,-0.0146,-0.0116,-0.0071,0.0028,0.0116,,,,,,,
2015-12-05,-4.0821,145.0336,NE,0.1501,,,,,,,,,,,,,,,,,,,,,,,,,,,,,
2015-12-05,-4.0821,145.0336,NO,0.0376,-0.0029,-0.0182,-0.0267,-0.0347,-0.027,-0.0338,-0.024,-0.0227,0.0106,0.0272,0.0176,0.0224,0.0157,0.0328,0.0306,0.0066,-0.0083,-0.032,-0.0155,0.0126,0.0004,-0.0233,-0.0044,0.0012,-0.0194,0.0015,0.0213,0.0315,0.0386
2015-12-05,-4.0821,145.0336,O,,0.068,0.0397,0.0345,0.0379,0.0397,0.0359,0.0276,0.0192,-0.0008,-0.0149,-0.0212,-0.0253,-0.0149,-0.0208,-0.0045,0.0076,0.0077,0.0137,0.0173,-0.0227,-0.034,,,,0.0233,0.0131,-0.0013,0.0041,0.0209
2015-12-05,-4.0821,145.0336,S,,0.0584,0.0333,0.0135,-0.0183,-0.0146,-0.0031,0.0024,0.0062,0.0128,0.0129,0.006,0.0086,0.0072,0.0026,-0.0009,-0.0105,-0.0127,-0.0107,-0.006,-0.0002,-0.0096,-0.0122,-0.0092,-0.0177,0.0107,0.0079,0.0097,0.0125,-0.0186
2015-12-05,-4.0821,145.0336,SE,0.0512,0.0019,0.0059,-0.0485,-0.076,-0.0655,-0.0172,0.0047,0.0014,0.0044,-1e-04,0.0073,0.0158,0.0237,0.0291,0.0275,0.0115,0.0089,0.0097,0.0034,-0.0037,-0.0028,0.0032,0.007,-0.0011,-0.0062,-0.0066,-0.006,-0.0053,0.0008
2015-12-05,-4.0821,145.0336,SO,0.0489,0.0223,0.0216,0.0232,0.0321,0.0263,0.0321,0.0204,0.009,0.0156,-0.0085,0.0105,-0.0253,-0.0453,-0.0446,-0.0326,-0.0154,-0.0163,-0.0012,-0.0011,-0.0078,,,,,,0.0384,0.0193,0.0169,0.0204
2016-07-08,-4.0764,145.0382,E,,0.1471,0.0826,0.0569,0.0301,-0.0197,-0.0008,0.0247,,0.0485,0.0414,0.0386,0.0445,0.0414,0.0363,0.0385,0.0356,-0.0006,-0.0176,-0.0219,0.0149,0.0007,-0.0053,-0.0084,-0.0041,-0.0089,0.001,-0.0146,-0.0089,-0.0077
2016-07-08,-4.0764,145.0382,N,,0.3452,,0.2094,0.1453,0.1117,0.0694,,,,,,,-0.0393,-0.0259,-0.0185,-0.0156,-0.0056,-0.0016,0.0061,0.0091,0.0065,0.0116,0.0076,,,,,,
2016-07-08,-4.0764,145.0382,NE,0.3387,,0.1244,0.083,0.0572,0.0344,0.0151,0.006,0.0017,-0.0065,0.0002,0.0074,0.0162,0.0131,0.0156,0.0144,0.0172,0.0137,0.0005,-0.0116,-0.0192,-0.0232,-0.0078,-0.0161,0.0086,0.0113,0.0147,0.0129,0.0099,0.0237
2016-07-08,-4.0764,145.0382,NO,0.367,0.3329,0.2701,,,,,,,,,,,0.0361,0.0186,0.018,-0.01,-0.007,-0.013,-0.0129,,0.0041,-0.02,-0.0063,0.0006,0.0185,,,,
2016-07-08,-4.0764,145.0382,O,,0.3989,,,,,,,,,,,,,,,,,,,,,0.0,-1e-04,-0.0,0.0002,0.0003,-1e-04,0.0013,-0.0008
2016-07-08,-4.0764,145.0382,S,,,0.291,0.2382,0.161,,,,,,,,,,,,,,,,,,,,,,,,,
2016-07-08,-4.0764,145.0382,SE,0.3807,0.3438,0.2996,0.2317,,,,,,,,,,,,,,,,,,,,,,,,,,
2016-07-08,-4.0764,145.0382,SO,0.3588,,,,,,,,,,0.035,,,,,,-0.003,-0.0018,0.0002,-0.0042,-0.0033,-0.002,-1e-04,0.0006,0.001,0.0005,-0.0006,-0.0026,0.0012,0.0046
2016-10-20,-4.0805,145.0385,E,,0.3373,0.2073,0.0562,0.0473,,,,,,,,,,,,,,,0.0334,0.0071,-0.0137,-0.0269,-0.0218,0.0105,0.0204,0.0231,0.0114,0.0008,-0.0105
2016-10-20,-4.0805,145.0385,N,,0.2996,0.1583,0.0854,0.0576,0.0446,0.0481,0.0299,0.0341,0.0278,0.0139,0.0073,-0.0,0.0037,-0.0203,-0.0328,-0.0481,,,,,,,,,,,,,
2016-10-20,-4.0805,145.0385,NE,,0.343,0.2699,0.1594,0.0914,0.0709,0.038,0.0084,-0.0254,,,-0.0592,-0.0599,-0.0739,,,,,,,,0.0338,0.0132,0.0233,-0.015,-0.031,-0.0221,-0.0038,0.0018,0.0076
2016-10-20,-4.0805,145.0385,NO,0.5032,0.2023,0.1339,0.0759,0.0492,0.0142,0.0164,0.001,-0.0004,-0.0064,-0.0041,-0.0103,-0.0149,-0.0147,-0.0199,-0.0182,-0.0226,0.0442,-0.0067,0.008,0.0048,-0.0007,-0.0205,-0.0115,-0.0167,-0.0061,0.0081,0.014,0.0191,0.0279
2016-10-20,-4.0805,145.0385,O,,0.1945,0.0862,0.0211,-0.0177,-0.0326,-0.0232,-0.0012,0.03,0.0308,0.0141,-0.0051,-0.0304,-0.0204,-0.0231,,,,,,,,-0.0198,-0.0287,-0.0091,-0.0087,0.0086,0.0151,0.0074,0.0042
2016-10-20,-4.0805,145.0385,S,,0.4416,,,,,,,,0.026,0.0039,-0.0235,-0.0385,-0.0453,0.0119,0.0344,0.0512,0.0587,0.0479,0.0274,0.0185,0.0074,-0.0056,-0.0352,-0.0431,-0.0705,,,,
2016-10-20,-4.0805,145.0385,SE,,,,0.2845,0.3036,0.2132,,,0.0003,,,,,,-0.0004,0.0004,,,,,,,,,,,,,,
2016-10-20,-4.0805,145.0385,SO,0.4924,0.1057,0.0127,-0.0077,-0.0519,-0.0665,-0.0573,-0.0185,0.0026,-0.0079,-0.03,-0.0509,-0.0295,0.015,0.0487,0.0526,0.0161,0.0614,0.0816,0.0697,0.0555,0.0319,0.0032,-0.0066,-0.0058,0.016,0.0063,-0.0052,-0.0331,-0.0371
2016-11-05,-4.0764,145.0382,E,,0.0604,,-0.0047,,,,,,-0.0454,-0.019,0.0144,0.0105,0.0055,0.0108,0.036,0.0263,0.0449,0.0517,,,,,,-0.0301,-0.0051,-0.0002,0.007,-0.0079,-0.0128
2016-11-05,-4.0764,145.0382,N,,,,,,-0.0426,-0.0512,-0.045,,,,-0.0133,0.0073,0.021,-0.0009,0.0106,0.0127,0.0078,0.0132,0.0119,0.0087,0.0034,0.0041,-0.0014,0.0033,0.0032,0.0052,0.0141,-0.001,0.005
2016-11-05,-4.0764,145.0382,NE,0.2477,,,0.0479,,0.0294,,,,-0.0163,0.0023,-0.0052,-0.0021,-0.0009,0.0138,0.0043,-0.0015,0.0027,0.0038,0.0049,0.0065,0.008,0.0101,-0.0042,0.0036,0.0007,-0.0063,-0.0059,-0.0021,0.003
2016-11-05,-4.0764,145.0382,NO,0.2383,0.2164,,0.0757,-0.0027,,-0.0986,,-0.0249,,0.016,0.0204,0.021,,,0.0113,0.0,-0.0009,0.0027,0.0214,0.0203,0.0179,0.0152,0.0072,0.0098,-0.0109,-0.0207,-0.0213,-0.0128,-0.0043
2016-11-05,-4.0764,145.0382,O,,,,,0.0687,0.0328,0.0131,-0.0193,,,,,,,-0.0005,0.0094,-0.0021,0.0063,0.0033,-0.0231,-0.0109,-0.0101,-0.001,0.0218,0.0157,0.0028,0.0023,0.0062,0.0048,0.0035
2016-11-05,-4.0764,145.0382,S,,0.1755,0.1256,0.1255,0.0689,0.0101,,,,,,,,,0.0,0.0,0.0,0.0,,,,,,,,,,,0.0,
2016-11-05,-4.0764,145.0382,SE,0.268,0.15,0.1336,0.099,0.0511,0.0197,0.0013,0.001,0.0006,0.0003,,-1e-04,1e-04,1e-04,,,,0.0004,0.0011,-0.0009,-0.0013,-0.0003,-0.001,0.0006,-0.0013,-0.0014,-0.0014,-0.0013,-0.0015,0.0046
2016-11-05,-4.0764,145.0382,SO,0.1928,0.183,0.0632,0.1018,0.0342,0.0407,-0.002,0.0234,0.0151,0.0451,0.0011,-0.0323,,,,-0.0118,-0.0278,-0.0232,-0.0267,-0.0052,-0.0092,0.0257,-0.0231,-0.0148,0.0038,0.0135,0.0229,0.0066,1e-04,-0.0124
2017-01-24,-4.0802,145.0382,E,,0.1395,,,,,,,,,,,,,,,,,,,,,,,,,,,,
2017-01-24,-4.0802,145.0382,N,,,,,,,,,,,,0.0207,0.0407,0.0471,0.0628,0.0053,0.0276,0.0088,0.0164,-0.0011,0.0084,0.0036,-0.0232,-0.0102,0.0013,0.0022,0.004,-0.0043,0.0052,0.0008
2017-01-24,-4.0802,145.0382,NE,0.3019,0.2727,,,,,,,,,,,,,,0.0072,0.0069,0.0005,-0.0053,-0.0109,-0.014,-0.0137,-0.0025,0.0095,0.0206,0.0067,0.0034,0.002,,
2017-01-24,-4.0802,145.0382,NO,0.1918,,,0.0685,0.0439,0.014,0.0237,0.0152,0.0069,-0.0013,-0.0007,-0.0026,-0.007,0.0045,-0.0004,0.0207,0.0181,0.0099,-0.002,-0.0251,-0.0199,-0.0307,-0.0255,-0.0125,0.0043,0.0023,0.0089,0.0123,0.0131,0.009
2017-01-24,-4.0802,145.0382,O,,0.0942,0.0032,-0.0405,-0.0484,-0.0472,-0.0526,-0.0489,,,,,,-0.0062,0.0059,0.0113,0.0214,0.0098,0.015,0.0195,0.01,0.0,0.0081,0.0013,-0.0015,-0.0073,-0.0111,-0.0056,-0.0055,-0.0186
2017-01-24,-4.0802,145.0382,S,,0.0329,0.0093,0.0108,0.0087,0.0075,0.005,-0.0032,0.0017,-0.0015,-0.0058,-0.0098,-0.0005,-0.0008,0.0045,0.0053,0.011,0.0042,-0.0031,-0.0094,-0.0157,-0.0053,0.0027,0.0093,0.0053,0.0037,0.0018,0.0042,-0.004,0.0054
2017-01-24,-4.0802,145.0382,SE,0.1738,0.0447,0.0265,-0.0003,-0.002,-0.0047,-0.0052,-0.0042,0.0074,0.0084,0.0015,-0.007,-0.002,0.0034,0.0038,,,,-0.0009,-0.0027,-0.007,-0.0112,-0.0121,-0.0056,-0.0021,0.0036,0.0065,0.0079,0.0065,0.0058
2017-01-24,-4.0802,145.0382,SO,0.1555,0.0646,0.0011,-0.0098,-0.013,-0.0192,-0.0166,-0.0051,-0.0079,-0.0106,-0.0329,-0.0537,-0.0532,-0.0411,-0.0477,-0.0198,-0.0091,0.0101,0.0122,0.0195,0.0314,0.0372,0.0361,0.028,0.0045,0.0005,-0.0165,-0.0146,-0.0292,-0.0316
2017-09-05,-4.0772,145.0374,E,,,,0.1513,,,,,,,,,,,,,0.0031,0.0313,0.0068,-0.0103,0.014,0.0355,0.0315,0.0252,0.0378,,-0.0146,-0.0186,-0.0192,-0.0273
2017-09-05,-4.0772,145.0374,N,,0.2827,0.2161,0.2085,0.1495,0.0351,-0.0678,-0.106,-0.1088,-0.0931,-0.0476,-0.0533,-0.0247,-0.0158,-0.0051,0.0043,0.0227,0.0384,0.0469,0.0506,0.053,0.0571,0.0612,0.0533,0.0533,0.0404,0.0295,1e-04,-0.0294,-0.0387
2017-09-05,-4.0772,145.0374,NE,,,,,,,,,,,,-0.0261,-0.0337,-0.0126,-0.0101,-0.003,-0.0181,0.0018,0.0127,0.0152,0.0172,0.025,0.0189,-0.0182,-0.003,-0.0156,-0.0067,-0.0192,-0.026,-0.0251
2017-09-05,-4.0772,145.0374,NO,0.4319,0.3605,0.294,0.2219,0.1892,0.1025,0.0392,-0.0215,-0.0391,-0.0138,-0.0068,-0.0284,0.012,0.0241,0.037,0.0451,0.0157,0.0174,0.0119,0.0015,-0.0041,-0.0229,-0.0187,-0.0064,-0.0004,0.0062,0.0198,0.0315,0.0414,0.0567
2017-09-05,-4.0772,145.0374,O,,0.5172,0.407,0.2156,0.1957,,0.1093,,,,,,,0.1404,0.043,0.0039,0.001,-0.0077,-0.0139,-0.0113,-0.0018,-0.0136,-0.0284,-0.0341,,,,,-0.0635,-0.044
2017-09-05,-4.0772,145.0374,S,,0.2965,,,,,,,,,,,,,,,,,,,,,,,,,,,,
2017-09-05,-4.0772,145.0374,SO,,,0.2652,,,,,,,,,,,,,,,,,,,,,,,,,,,0.2315
2017-12-26,-4.0802,145.0382,E,,0.1324,0.0103,-0.0324,-0.0522,-0.0203,-0.0114,-0.0095,,,,,,,,0.0511,-0.0024,-0.0088,-0.0074,0.0031,0.008,-0.0068,-0.0171,,,,,,,
2017-12-26,-4.0802,145.0382,N,,0.3842,,,,0.1082,,,,,-0.0012,-0.0056,0.0059,0.0097,0.0025,-0.0032,-0.005,-0.0134,-0.0115,-0.003,0.0032,-0.0005,-0.0027,-0.0069,-0.0165,-0.0334,,,,
2017-12-26,-4.0802,145.0382,NE,0.3163,0.2646,0.1601,0.0201,-0.0373,-0.0385,-0.0331,-0.0227,-0.0125,0.0083,0.0238,0.0143,0.0151,0.0311,0.0318,,,,,,,-0.0143,-0.0054,-0.0046,0.0003,0.0003,-0.0043,-0.0013,-0.005,1e-04
2017-12-26,-4.0802,145.0382,NO,0.3048,0.2432,0.1338,0.0708,0.0489,0.0473,0.0431,0.0138,-0.0356,-0.0354,-0.0292,-0.0084,-0.0186,-0.011,0.0058,0.0015,0.0198,0.046,-0.0182,0.0095,0.0058,-0.0018,-0.0084,-0.0198,0.0082,-0.0173,-0.0181,,,
2017-12-26,-4.0802,145.0382,O,,,0.1336,0.0924,0.0784,,,,,,,,,,,,,,,,,,,,,,,,,
2017-12-26,-4.0802,145.0382,S,,0.0417,-0.0242,-0.0186,-0.02,-0.011,-0.0166,-0.0108,-0.0116,-0.0132,-0.0191,0.0033,0.0089,-0.0012,-0.0023,-0.0019,-1e-04,0.007,0.0124,0.0129,0.0111,0.0052,0.0065,0.0055,0.0056,0.0024,-0.0028,-0.0078,-0.017,-0.0255
2017-12-26,-4.0802,145.0382,SE,,-0.0035,-0.0209,-0.0248,-0.0176,-0.017,-0.0081,-0.0069,0.0065,0.0064,0.0039,-0.0136,-0.0165,-0.0132,0.0112,0.0224,0.0277,0.0351,0.0321,0.0308,0.0113,-0.0079,-0.007,-0.0131,-0.0158,-0.0193,-0.0203,-0.0124,-0.0158,-0.0168
2017-12-26,-4.0802,145.0382,SO,,0.2434,0.066,0.0508,0.0417,0.0412,0.0103,0.0022,0.007,0.0108,-0.0025,,,,,,,,,,,,,,,,,,,
2018-04-17,-4.0762,145.0388,E,,0.3386,,,,,,,,,,,0.2279,,,,,,,,,0.0918,0.0463,0.0235,0.0168,0.0043,-0.0188,-0.0278,-0.0427,-0.0463
2018-04-17,-4.0762,145.0388,N,,,0.0629,,,,,,,-0.0447,,-0.0269,0.0018,0.0093,0.0036,0.053,0.0605,0.033,-0.0192,-0.0337,-0.0054,0.0225,0.0054,-0.0268,-0.0332,-0.0509,-0.0064,0.0202,0.0227,0.0184
2018-04-17,-4.0762,145.0388,NE,0.1105,0.0801,,,,,,,,,,,,,,,,,,,,0.0424,-0.0252,-0.0784,-0.0705,-0.0405,-0.0304,-0.0279,0.0061,0.0235
2018-04-17,-4.0762,145.0388,NO,0.2484,0.2462,0.2378,0.23,0.2148,0.1296,0.2129,0.1846,0.2022,0.1663,0.1093,0.1565,0.1035,0.0928,-0.0723,-0.0896,-0.1324,-0.1122,-0.114,-0.0739,-0.013,-0.0756,-0.0127,0.0294,0.1377,0.0982,0.011,0.0257,-0.0395,-0.0698
2018-04-17,-4.0762,145.0388,O,,0.1278,0.125,0.113,0.0648,0.0323,0.0099,-0.0124,0.0182,0.0052,0.0134,-0.0042,0.018,0.0501,0.0648,0.0589,-0.0659,-0.0907,-0.0647,-0.0893,-0.0998,-0.0284,-0.0076,0.0681,,,,,,
2018-04-17,-4.0762,145.0388,S,,,,,,,,,,,,,,,,,,,,,,,-0.0204,0.0084,-0.0038,-0.0078,-0.0011,0.0023,-0.0012,0.0055
2018-04-17,-4.0762,145.0388,SE,0.3801,0.3421,0.3504,0.317,0.2683,,,,,,0.0943,,0.0465,,,,,,,,,,,,,,,,,
2018-04-17,-4.0762,145.0388,SO,,,,0.1001,,0.0546,,0.0842,0.112,0.0825,0.0465,0.03,0.0169,-0.0163,-0.0331,-0.003,-0.104,,,,-0.1028,-0.0587,-0.0048,-0.0002,0.0073,-0.0009,-0.032,-0.0428,-0.0527,-0.0853
2018-05-03,-4.08,145.0388,E,,-0.0371,-0.0337,-0.011,-0.0092,0.0027,0.0244,0.0517,0.0601,0.0467,0.0401,0.0136,0.0068,-0.0049,-0.0301,-0.0375,-0.0352,-0.021,-0.0143,-0.0158,-0.0039,-0.0062,-0.0114,-0.03,-0.0612,,,0.0213,0.0255,0.0264
2018-05-03,-4.08,145.0388,N,,0.0738,0.0055,-0.0104,-0.0286,-0.039,-0.0471,-0.044,-0.0269,-0.0271,-0.0055,-0.0212,-0.0286,-0.0264,-0.0326,-0.0156,0.0023,0.0299,0.0364,0.0493,0.0515,0.0584,0.0474,0.0493,0.0317,0.025,0.008,-0.0056,-0.0211,-0.0169
2018-05-03,-4.08,145.0388,NE,0.0197,-0.0578,-0.0855,-0.084,-0.0686,-0.0588,-0.0501,-0.0326,-0.0232,-0.0087,-0.0013,-0.0065,0.0023,0.0279,0.036,0.043,0.0557,0.0229,0.0295,0.0185,-0.0086,0.0079,-0.002,-0.007,-0.0033,-0.0053,-0.0039,-0.0165,-0.022,-0.0104
2018-05-03,-4.08,145.0388,NO,0.3531,0.1149,0.0474,0.0137,0.0105,0.0049,-0.0041,0.0128,0.0105,-0.0031,0.0196,0.0309,0.0419,0.0421,-0.0164,-0.013,-0.0204,-0.0054,0.0067,0.0067,-0.0064,-0.0074,-0.0066,-0.0054,-0.007,-0.0078,-0.0103,-0.0036,0.0005,-0.0017
2018-05-03,-4.08,145.0388,O,,0.336,0.1455,0.0142,-0.0384,,,,,,,0.0305,0.0018,-0.0283,-0.0343,-0.0281,-0.0153,-0.0006,-0.0027,0.0032,0.0027,-0.0009,0.0045,0.0127,0.0202,0.0119,0.0145,0.0172,-0.0218,-0.0126
2018-05-03,-4.08,145.0388,S,,,0.1148,0.0425,0.0124,0.0088,0.0045,0.0006,-0.0026,-0.0043,-0.0055,-0.0074,1e-04,-0.003,-0.0034,-0.0018,0.0039,-0.0061,-0.0013,-0.0107,-0.008,-0.0051,-0.0035,-0.0146,-0.0174,-0.0121,0.0036,0.0094,0.0247,0.014
2018-05-03,-4.08,145.0388,SE,0.141,0.0998,-0.0626,-0.0575,-0.0448,-0.0449,-0.0171,-0.0306,0.0074,0.0014,0.0004,0.0041,-0.0232,-0.0423,-0.0214,-0.0155,-0.0109,0.0045,0.0076,0.0135,0.0204,0.0207,0.0154,0.0042,-0.0047,0.0007,-0.0044,-0.01,-0.0071,-0.0172
2018-05-03,-4.08,145.0388,SO,,,,,,,,,,,,,-0.0328,-0.02,0.031,0.0354,0.0388,0.0138,0.0227,0.008,-0.0085,-0.0046,-0.0096,-0.0143,-0.0202,0.001,-0.0157,-0.0131,-0.0006,-0.0009
2019-01-22,-4.0762,145.0377,E,,0.3583,0.2265,0.1711,0.0793,0.0343,0.0209,0.0171,0.0094,0.0087,0.0086,0.005,-0.0053,-0.0133,-0.0166,-0.0216,-0.0209,-0.0187,-0.002,0.0034,-0.0032,-0.0074,-0.0088,-0.0047,0.0055,0.0084,-0.0091,-0.0146,-0.0101,-0.0093
2019-01-22,-4.0762,145.0377,N,,0.7456,0.7475,0.7159,0.6351,0.4719,0.3925,0.192,0.0916,0.0349,-0.0047,-0.0079,-0.0371,-0.0089,-0.0179,-0.0194,-0.0492,-0.0426,-0.0357,-0.0293,-0.0243,-0.0171,-0.0052,0.0038,0.001,0.0129,0.0116,0.0144,0.0107,0.0087
2019-01-22,-4.0762,145.0377,NE,0.647,0.7743,0.5366,0.3653,0.2254,0.1063,0.0467,-0.0198,-0.0435,-0.0216,-0.0175,-0.0031,0.0162,0.0098,0.0151,-0.0085,-0.016,-0.0157,-0.0039,-0.0097,-0.0092,-0.0288,-0.0256,-0.0252,-0.0279,-0.0217,-0.015,0.0041,-0.0057,0.0088
2019-01-22,-4.0762,145.0377,NO,0.7877,,,0.6766,0.5859,0.6171,0.3431,0.1628,0.0117,-0.0244,-0.0956,-0.028,-0.0017,-0.0037,-0.0097,-0.0092,0.0103,0.0146,0.0109,0.0087,0.0078,0.0022,0.0083,0.0051,0.0076,0.0144,0.0199,0.0302,0.0051,-0.0084
2019-01-22,-4.0762,145.0377,O,,0.883,,0.7475,0.5809,0.3595,0.2142,0.1284,0.0214,-0.0184,-0.0184,-0.0073,-0.0122,-0.0094,-0.007,-0.0085,-0.007,-0.012,-0.0228,-0.02,-0.0201,-0.0056,-0.0016,0.0028,0.0032,-0.0045,-0.007,-0.011,-0.0157,-0.0143
2019-01-22,-4.0762,145.0377,S,,0.349,0.1988,0.111,0.0427,0.0246,0.009,0.0078,0.0063,0.0031,0.0008,0.0014,-0.0055,-0.0074,-0.0111,-0.009,-0.0071,-0.0077,-0.0047,-0.0062,-0.0069,-0.0045,-0.0028,0.0003,0.0002,0.0022,0.0024,0.0038,0.0052,0.0055
2019-01-22,-4.0762,145.0377,SE,0.4972,0.3074,0.2279,0.1264,0.0643,0.0357,0.0237,0.02,0.0161,0.0128,0.0099,0.0061,0.003,-0.0,-0.0033,-0.0044,-0.0054,-0.0092,-0.0083,-0.0099,-0.0102,-0.0086,-0.0066,-0.0047,-0.0021,0.0018,0.0048,0.0076,0.0092,0.0133
2019-01-22,-4.0762,145.0377,SO,0.6938,,0.3766,0.2776,0.1117,0.0717,0.0183,0.0071,-0.0002,-0.0025,-0.0102,-0.0035,-0.0081,-0.0029,-0.0046,-0.0052,-0.0055,-0.0054,-0.0055,-0.0035,-0.0026,-0.0018,-0.0013,-0.001,-0.0004,-0.0003,-0.0017,-0.0024,-0.0075,-0.0058
2019-03-27,-4.0767,145.0377,E,,0.2936,,0.1816,0.1386,0.1306,0.0773,0.048,0.028,0.016,0.0059,-0.0025,-0.0077,-0.0115,-0.0152,-0.0121,-0.0136,-0.0138,-0.0118,-0.0033,0.0049,0.0007,-0.0095,-0.016,0.025,-0.0142,-0.0118,-0.0183,-0.0168,-0.0123
2019-03-27,-4.0767,145.0377,N,,,,0.1427,,,,0.0698,0.0502,0.0328,0.0302,0.0526,0.0125,0.0512,0.0017,0.0131,-0.0033,0.0118,-0.0042,-0.0253,-0.0239,-0.0381,-0.0446,-0.0354,-0.0431,-0.0436,-0.0413,-0.037,-0.0343,-0.0366
2019-03-27,-4.0767,145.0377,NE,,,,,,,-0.0732,,-0.1919,-0.1982,-0.0992,-0.0964,-0.0788,-0.0284,0.0331,0.0522,0.0285,0.0613,0.0493,0.055,0.0672,0.0394,0.0136,0.0105,-0.0199,-0.0166,-0.0487,-0.0485,-0.0384,-0.0381
2019-03-27,-4.0767,145.0377,NO,0.3849,,0.2513,,,,,,,,,,,0.0948,-0.0114,0.0023,-0.0276,-0.0226,-0.0287,-0.0214,-0.0231,-0.0126,-0.0056,-0.0045,-0.0028,-0.0,0.0023,0.0094,0.0162,0.021
2019-03-27,-4.0767,145.0377,O,,0.4022,,,,,,,,,,,,,,,,,,,-0.0035,-0.0027,0.0005,-0.0043,-0.0025,0.0094,0.0053,0.0003,-0.003,-0.0017
2019-03-27,-4.0767,145.0377,S,,,,,,0.0199,0.0106,0.0073,0.0053,0.0043,0.0019,0.0025,0.0017,-0.0012,-0.002,-0.0069,-0.0039,-0.004,-0.0022,-0.0035,-0.0019,0.0019,0.0014,0.0009,-0.0011,-0.0024,-0.0,0.0028,0.0063,0.0075
2019-03-27,-4.0767,145.0377,SE,,,,0.1735,,0.0658,0.0396,0.0283,0.0179,0.0116,0.0082,0.0096,0.0029,0.0035,-0.0028,-0.0047,-0.0048,-0.0073,-0.0071,-0.0086,-0.0062,-0.0055,-0.0028,-0.0042,-0.0018,-0.0051,-1e-04,0.0103,0.0087,0.015
2019-03-27,-4.0767,145.0377,SO,0.4569,,,,,0.0314,0.0295,0.0175,0.02,0.013,0.012,0.007,0.003,0.0009,-0.0019,-0.0046,-0.0066,-0.0088,-0.0095,-0.0133,-0.0005,-0.0067,0.0053,-0.0019,-0.001,0.0069,0.0038,0.0031,0.0063,0.0171
2019-09-03,-4.0759,145.038,E,,,,,-0.0738,-0.0548,-0.062,,,,,,0.0818,0.0748,0.0753,0.0482,0.0492,0.0347,0.0228,-0.1014,-0.0715,0.0324,0.0299,0.0249,0.0238,-0.0155,-0.0138,-0.0197,-0.0225,-0.0087
2019-09-03,-4.0759,145.038,N,,0.0144,0.0003,0.0006,0.0118,0.0243,0.0308,0.0554,0.0702,0.0771,0.0814,0.0962,0.0899,0.1034,0.0943,0.069,0.0213,-0.0079,-0.0195,-0.0131,-0.0058,-0.0048,-0.0245,-0.0227,-0.0388,-0.0484,-0.0381,-0.0468,-0.0441,-0.05
2019-09-03,-4.0759,145.038,NE,,,,,,-0.0661,-0.0452,-0.0756,-0.0524,-0.0294,-0.0009,0.0071,0.0353,0.0358,0.0167,-0.0015,-0.0006,0.0006,0.0051,0.0065,0.0049,0.0055,0.0194,0.0099,-0.0065,-0.0024,-0.0094,-0.0012,-0.0021,0.0075
2019-09-03,-4.0759,145.038,NO,0.0368,0.0345,0.027,0.0259,0.0257,0.0278,0.0241,0.0235,0.0101,0.0004,-0.0165,0.0092,0.0142,0.0175,0.0271,0.0175,0.0228,0.0199,0.0162,0.0181,0.0114,0.0185,0.0128,0.0123,0.0089,0.0082,0.0023,-0.004,-0.0,-0.0057
2019-09-03,-4.0759,145.038,O,,,,,,,,0.1047,0.0747,0.0585,0.045,0.0381,0.059,0.067,0.1002,0.1117,-0.0347,-0.0065,-0.0301,-0.039,-0.0409,-0.0371,-0.0325,-0.0345,-0.0318,-0.0166,-0.0042,-0.0021,0.0007,0.0009
2019-09-03,-4.0759,145.038,S,,,,,,,0.0,,,,,,,,,,,,,,,,,,,,,,,
2019-09-03,-4.0759,145.038,SE,,,,,,,,,,,,,,,,,,,,,,,,,-0.0,,,,0.0,-0.0
2019-09-03,-4.0759,145.038,SO,,,,,,,,,,0.004,-0.0053,-0.0042,,,,,,,,,,,,,,,,0.0092,-1e-04,-0.0052
2020-08-11,-4.0764,145.0382,E,,-0.0013,0.0173,0.0003,0.0053,0.0039,0.0088,0.0581,0.0799,0.0636,0.0472,0.015,-0.0043,-0.0307,0.0544,-0.0002,0.0105,-0.005,-0.0315,-0.0231,-0.0272,-0.0189,-0.0485,0.0271,-0.0153,-0.0443,-0.0469,-0.0218,,
2020-08-11,-4.0764,145.0382,N,,0.1713,-0.0529,-0.0868,-0.0614,-0.025,0.0129,0.0238,0.0094,0.0057,0.029,-0.0193,-0.0074,-0.0115,0.0362,0.0017,0.0229,0.0321,0.0192,0.0156,0.0214,0.0311,0.0321,0.0395,0.0376,0.0397,0.0342,-0.0949,-0.0521,-0.0394
2020-08-11,-4.0764,145.0382,NE,,0.035,-0.0864,-0.0831,-0.0763,-0.0817,-0.067,-0.0658,-0.0456,-0.0151,0.0039,0.0088,0.0316,0.0221,0.0389,0.0284,0.0134,0.0144,-0.001,-0.0016,-0.0018,-0.006,-0.0076,-0.0055,-0.0074,-0.0026,-0.001,0.008,0.0074,-0.0041
2020-08-11,-4.0764,145.0382,NO,0.3129,0.2465,0.1173,0.0814,0.0986,0.1143,,0.1204,0.1161,,,-0.0403,-0.0047,-0.0318,,-0.0328,-0.0132,0.0309,0.018,0.0175,0.0016,-0.0162,-0.0528,-0.0725,-0.0676,,,,,
2020-08-11,-4.0764,145.0382,O,,,,,,,,,,0.0291,-0.0252,0.1065,0.1529,0.2747,,0.2081,0.0306,-0.0027,-0.0499,-0.049,-0.0471,-0.0578,-0.0189,-0.0181,-0.0023,0.0025,-0.0065,-0.0046,0.0007,0.0028
2020-08-11,-4.0764,145.0382,S,,,,,,,,,,,,,,,,,,,,,,,,,,,,-0.0002,0.0002,
2020-08-11,-4.0764,145.0382,SE,0.1181,0.0633,0.0514,-0.0011,-0.0224,-0.0082,0.0084,0.0025,0.0443,0.0387,0.0207,-0.0044,0.002,-0.004,0.0143,0.0038,0.0085,-0.0056,-0.0284,-0.0136,-0.0485,-0.0079,-0.0142,-0.0302,-0.0551,-0.0255,-0.0121,0.005,0.0184,0.015
2020-08-11,-4.0764,145.0382,SO,0.3539,,,,,,,,,0.008,0.012,0.0113,,,,,,,,,-0.0258,-0.0219,-0.0092,0.0194,0.0413,,0.0009,-0.0115,,-0.0105
2020-08-27,-4.0764,145.0382,E,,-0.0882,-0.0783,-0.0722,-0.0574,,,,-0.015,0.0157,0.0251,0.036,0.0524,0.05,0.0601,0.0629,0.0471,,,,,,-0.057,0.0123,-0.0008,0.0107,0.0053,-0.0192,-0.0336,-0.0266
2020-08-27,-4.0764,145.0382,N,,0.0607,-0.0674,-0.0732,-0.0416,-0.0251,-0.0061,-0.0038,-0.005,0.0094,0.0067,,,,,,,,,,,,,,,,,,,
2020-08-27,-4.0764,145.0382,NE,0.0098,-0.0646,-0.1326,-0.1065,-0.0675,-0.0497,-0.0282,-0.0045,-0.0109,0.0018,0.0204,0.012,0.0096,0.0077,,0.0063,0.0061,,,,,,,-0.0371,-0.0139,-0.0017,0.0079,0.007,0.0072,0.0013
2020-08-27,-4.0764,145.0382,NO,0.2218,0.0949,0.0197,0.0446,0.024,0.02,0.0095,0.0139,0.009,0.0112,-0.0047,-0.0018,-0.0142,0.0377,0.0521,,,,,,-0.0301,-0.0605,,,,,-0.005,0.0122,-1e-04,-0.0035
2020-08-27,-4.0764,145.0382,O,,,,0.2218,0.1649,0.0644,0.001,-0.011,0.0601,0.0872,0.0856,,,,,,,0.0134,-0.0123,-0.015,-0.0189,-0.0238,0.0101,0.0013,0.0005,-0.0112,-0.0077,-0.0009,0.0003,0.0015
2020-08-27,-4.0764,145.0382,S,,0.2243,0.1293,,,,,,,,,,,,,,,,,,,,,,,,,,,
2020-08-27,-4.0764,145.0382,SE,0.2865,0.2061,,,,,,,,,,,,,,,,,,,,,,,,,,,,
2020-08-27,-4.0764,145.0382,SO,0.274,,,,,0.015,0.0064,0.0024,,,,,,,,,,,,,,-0.0018,-0.0035,,,,0.0019,0.0009,-0.0021,0.0023
2020-10-07,-4.0797,145.0388,E,,0.0486,0.0214,0.0027,-0.0137,-0.0266,-0.0243,-0.0007,0.0334,0.0236,0.0082,0.0063,0.0025,-0.0003,-0.0058,-0.0073,-0.0147,-0.0167,-0.0224,-0.0234,-0.0065,0.0016,0.0077,0.013,0.009,0.0058,0.0006,0.0003,-0.0121,-0.0171
2020-10-07,-4.0797,145.0388,N,,,-0.0384,-0.0476,,-0.0625,-0.0503,-0.0351,-0.0267,-0.0071,-0.0067,0.0014,0.0071,0.0149,0.0143,0.0104,0.0125,0.012,0.0114,0.0094,0.0042,0.0048,0.0023,-0.0002,-0.0023,-0.0012,-0.0023,-0.0057,-0.0079,-0.0067
2020-10-07,-4.0797,145.0388,NE,0.0408,0.0269,-0.0005,-0.0118,-0.0258,-0.0179,-0.0103,-0.0051,0.0091,0.0155,-0.0013,0.007,-0.0052,0.0011,-0.0036,-0.0084,-0.0021,-0.011,-0.0037,-0.001,-0.0061,-0.0047,-0.0017,0.0013,-0.0004,0.0006,-0.0007,-0.0026,-0.0026,-0.0036
2020-10-07,-4.0797,145.0388,NO,0.101,,0.0458,0.0286,0.0213,0.0082,0.0119,0.0033,-0.0009,0.0129,-1e-04,-0.0058,-0.0064,0.002,0.0054,0.0081,0.0043,-0.0016,-0.0054,-0.0052,-0.0056,-0.004,-0.0033,-0.0051,-0.0045,-0.0055,-0.0085,-0.0089,-0.0047,0.0035
2020-10-07,-4.0797,145.0388,O,,,0.1029,0.0707,0.0344,0.0083,-0.0067,-0.01,,0.0021,0.0108,0.0142,0.0061,0.0128,-0.0008,-0.0143,,-0.0194,,-0.019,-0.0162,-0.0123,-0.0099,-0.0082,0.0007,-0.0,0.0016,0.0049,0.0003,0.0009
2020-10-07,-4.0797,145.0388,S,,,0.0455,0.0,0.0,,,,,,0.0,,,,,,,,,,,,,,,,,,,
2020-10-07,-4.0797,145.0388,SE,,,0.0555,0.0218,,,0.0006,-0.0048,0.0,0.0012,0.0009,,,-0.0006,,,,,,,,,,,,,,,,
2020-10-07,-4.0797,145.0388,SO,,,,,,0.0388,,,0.0252,0.0218,,,,,,,,,,,,,,0.0004,-0.008,-0.012,-0.0083,-0.0093,0.003,0.0049
2020-10-14,-4.0827,145.0361,E,,0.1593,0.1231,0.0999,0.1047,,,,,,,,,,,0.0032,0.001,-0.004,-0.002,-0.0004,,,,,,,,,,
2020-10-14,-4.0827,145.0361,N,0.1328,0.0274,0.0179,0.0248,0.0521,0.0323,-0.0003,-0.0103,-0.0179,-0.0318,-0.0235,-0.007,-0.018,-0.0196,-0.015,-0.0076,-0.0033,-0.0015,-0.0011,-0.0025,-0.0077,-0.0066,-0.0112,0.0016,-0.0023,0.0015,-0.006,-0.0096,-0.0034,-0.0067
2020-10-14,-4.0827,145.0361,NE,0.1131,0.0438,0.0493,0.0759,0.0628,0.009,-0.0016,-0.0106,-0.0117,-0.0264,-0.0362,-0.0147,-0.0014,0.0079,0.013,0.0208,0.0156,0.0067,0.0166,0.0369,0.0198,0.0006,-0.008,-0.0154,0.0054,-0.0027,-0.0168,-0.0246,-0.0181,-0.0093
2020-10-14,-4.0827,145.0361,NO,,0.0756,0.0108,0.0234,0.0079,-0.006,-0.0021,0.0046,-0.0071,-0.0117,-0.0088,-0.0003,0.0062,0.0054,0.0128,0.0089,0.0101,0.007,0.0113,0.0072,0.0005,0.0151,0.02,0.0128,0.0153,0.02,0.0249,,-0.0256,-0.0496
2020-10-14,-4.0827,145.0361,O,,0.0804,0.0381,0.0288,0.0157,0.0128,0.0111,0.008,0.005,0.0076,0.0067,0.0119,0.0057,0.016,0.0015,-0.0072,-0.0249,-0.0401,,,,,,,,-0.0304,-0.0275,-0.0053,-0.0115,-0.013
2020-10-14,-4.0827,145.0361,S,0.1556,0.1212,0.0701,0.0096,0.0063,0.0146,0.0078,0.0017,-0.01,-0.0133,-0.017,0.0054,-0.007,-0.0108,-0.0032,-0.0093,-0.006,0.0024,0.017,0.025,0.0276,0.0324,0.0161,,,,,,,
2020-10-14,-4.0827,145.0361,SE,0.0306,-0.0017,-0.0107,0.0069,0.0076,0.0343,,-0.0,-0.0,0.0,,,,,,,,,,,,,,,,,,,,
2020-10-14,-4.0827,145.0361,SO,,0.0297,0.0021,-0.0033,-0.0037,0.006,-0.0031,0.004,0.0027,0.0062,0.003,-0.0006,-0.0024,-0.0021,-0.0027,-0.0056,-0.0122,-0.0044,-0.0081,-0.0009,0.0069,0.0185,0.0193,0.0362,0.0413,,,,-0.0453,0.0134
2020-10-30,-4.084,145.0355,E,,,,,0.1703,,,,,,,,,,,,,,,,,,,,,,,,,
2020-10-30,-4.084,145.0355,N,0.1636,0.1399,0.1293,0.1199,0.095,0.0611,0.0422,0.0273,0.0053,-0.0093,-0.0154,-0.0104,-0.0139,-0.0151,-0.0254,-0.0211,-0.0122,-0.0169,-0.011,-0.0047,-0.005,-0.0019,-0.0028,-0.0017,-0.0005,0.0028,-0.0056,-0.0141,-0.007,0.0041
2020-10-30,-4.084,145.0355,NE,,0.0234,0.064,0.0733,0.0794,0.0238,-0.0098,-0.0153,0.0044,,,,,,,,,,,,,,,-0.0527,-0.0035,0.0091,0.0159,0.0123,0.0064,-0.0038
2020-10-30,-4.084,145.0355,NO,,0.1523,0.1259,0.115,0.0863,0.0694,0.0486,0.0332,0.0047,0.008,0.0106,0.0014,0.0008,-0.0037,-0.006,-0.0072,-0.0137,0.0125,-0.0162,-0.002,-0.0226,0.0023,-0.0231,-0.0261,-0.0248,-0.0086,-0.0029,-0.0044,-0.0072,0.0016
2020-10-30,-4.084,145.0355,O,,0.1196,0.123,0.0981,0.0981,0.0896,0.0766,0.0652,0.0363,0.016,-0.0015,-0.026,-0.0041,0.0022,-0.0144,-0.0231,-0.0258,-0.0081,-0.0072,-0.0109,,,,,,,,,,
2020-10-30,-4.084,145.0355,S,,0.185,,,,,,,,,,,,,,,,,,,,,,,,,,,,
2020-10-30,-4.084,145.0355,SO,,0.1172,0.0693,0.0447,,,,,-0.0,0.0,0.0,,,,,,,,,,,,,,,,,,,
2021-02-12,-4.0805,145.039,E,,,,,,,,,-0.005,0.0314,0.0303,0.0234,0.0473,0.0695,0.0425,0.05,,-0.0529,-0.0492,-0.0559,-0.0395,-0.0284,-0.0169,-0.0207,-0.0204,-0.0099,-0.0028,0.0007,0.005,0.0154
2021-02-12,-4.0805,145.039,N,,,,,,,,,-0.008,-0.0018,-0.0003,0.0164,0.0144,0.0185,0.0142,0.0085,-0.0033,0.0063,0.01,-0.0035,0.0079,0.0068,0.0006,-0.0112,-0.0111,-0.0112,-0.0081,-0.0032,0.0014,0.006
2021-02-12,-4.0805,145.039,NE,,,,,,,,,,0.0726,,,0.0715,0.0617,0.0554,0.032,0.0323,-0.0262,-0.0017,-0.0152,-0.0269,-0.0139,-0.0154,-0.0086,-0.0058,-0.0008,0.0004,0.0015,-0.006,-0.0011
2021-02-12,-4.0805,145.039,NO,0.0166,0.0099,,,,,,,,,,,,,,,,0.0789,0.0575,0.0381,0.0213,0.0049,-0.0102,-0.0161,-0.0164,-0.0105,-0.0068,-0.0019,0.0044,0.0099
2021-02-12,-4.0805,145.039,O,,,,,,,-0.0436,-0.0403,-0.0398,-0.0315,-0.0248,-0.0197,-0.0195,-0.017,-0.0276,-0.0299,-0.0208,0.0144,0.0495,0.032,0.0104,0.0002,-0.0034,-0.0027,0.0026,0.005,-0.0041,-0.0024,0.0059,0.0161
2021-02-12,-4.0805,145.039,S,0.0666,0.0489,0.0407,0.0215,0.0106,-0.0042,-0.0162,-0.0134,-0.0056,-0.0034,-0.0054,-0.0043,-0.0012,0.005,0.002,0.0025,0.0095,0.0143,0.0153,0.0139,0.0136,0.0071,-0.0015,-0.003,-0.0033,0.0004,-0.0033,-0.0061,-0.0083,-0.0083
2021-02-12,-4.0805,145.039,SE,,,0.0766,0.0538,0.0493,0.0232,0.0066,0.0005,0.0015,0.003,-0.0031,0.0143,0.0106,0.0101,-0.0005,-0.0075,-0.0047,-0.0046,-0.0068,-0.0042,0.0022,0.0011,0.0022,-0.0005,-0.004,-0.0033,-0.0023,-0.0032,-0.002,-0.0017
2021-02-12,-4.0805,145.039,SO,,,0.05,0.0296,,,-0.0295,-0.0223,-0.0173,-0.0208,-0.0175,-0.0142,-0.0,0.0204,0.0231,0.0239,0.0189,0.0115,0.0072,0.0072,0.0032,-0.0054,-0.0011,0.0163,-0.0043,-0.0059,-0.0237,-0.0201,-0.0319,-0.0314
2021-06-11,-4.0802,145.0388,E,,,0.0706,-0.0387,-0.0221,,,,,,,0.0025,-0.0288,-0.0266,-0.0023,-0.0196,-0.0214,-0.0163,-0.0108,-0.0051,0.0166,0.0143,0.0088,0.0234,0.0183,0.0003,-0.0074,-0.0164,-0.0028,-0.0115
2021-06-11,-4.0802,145.0388,N,,,0.0173,0.039,-0.0041,-0.0046,0.0012,0.0158,0.0312,0.0055,0.015,0.0086,0.0041,0.0045,-0.0005,0.0084,0.0017,0.0019,0.0058,0.0108,0.0116,0.0075,0.0152,0.008,0.0042,-0.0005,-0.0052,-0.0114,-0.016,-0.0181
2021-06-11,-4.0802,145.0388,NE,,,,0.0275,0.0015,-0.0233,,,,,,,-1e-04,0.0032,0.0083,0.0073,0.0164,0.0055,0.0014,-0.0009,0.0026,0.0191,-0.0151,-0.0034,-0.0197,-0.012,-0.0002,-0.0017,-0.0019,0.0037
2021-06-11,-4.0802,145.0388,NO,0.601,0.1606,0.0817,0.0454,0.0568,0.0109,0.0149,-0.0023,-0.0093,-0.001,0.0039,0.0028,0.0036,0.0024,0.0036,0.0057,-0.0004,-0.0007,-0.0047,-0.0083,-0.0141,-0.0105,-0.0176,-0.0153,-0.0137,-0.0071,-0.0074,-0.0064,-0.0083,-0.0021
2021-06-11,-4.0802,145.0388,O,,0.3744,0.2151,0.0887,0.0044,-0.0263,-0.031,-0.0079,-0.0051,0.0013,0.0097,0.0016,-0.0074,-0.0096,-0.0063,-0.0049,0.0003,0.0046,0.0174,0.0149,0.0124,0.0166,0.0255,0.0256,,,,-0.0214,-0.0087,-0.0025
2021-06-11,-4.0802,145.0388,S,,,,,,,,,,,,,,,,-0.0004,-0.0007,-0.002,-0.002,-0.0055,-0.0005,,,,,,,,,
2021-06-11,-4.0802,145.0388,SE,,,,,,,,,,,-0.0264,-0.033,-0.0659,-0.0657,-0.0592,-0.0479,0.0042,0.0088,0.0205,0.0146,0.0112,0.0082,0.0071,0.006,0.0026,0.0042,0.0029,0.0004,-0.0028,-0.0044
2021-06-11,-4.0802,145.0388,SO,,,,0.1264,0.0394,0.0137,0.0038,0.0033,0.0033,0.0031,0.0016,0.0006,0.0,0.0064,-0.0013,-0.0023,-0.0031,-0.0044,-0.0055,-0.0055,-0.0059,-0.006,-0.0052,-0.0059,-0.0058,-0.0051,-0.0063,-0.0039,-0.0023,-0.0023
2021-07-06,-4.0767,145.0398,E,,-0.0443,,0.0038,0.0236,,,0.0135,,0.0629,0.0387,0.0445,0.0395,0.0264,0.0307,0.0317,0.0246,0.0173,0.0036,-0.0022,-0.0066,-0.0034,-0.0026,0.0026,-1e-04,-0.0124,-0.0025,0.0088,-0.0019,-0.0155
2021-07-06,-4.0767,145.0398,N,,,,,,,0.0253,0.027,0.0187,0.0123,0.0058,-0.0021,-0.0002,-0.0046,-0.0055,0.0011,0.0036,0.0049,-0.004,-0.0052,-0.0014,-0.0109,-0.0008,0.0164,0.026,0.01,-0.0046,0.009,-0.0114,-0.0431
2021-07-06,-4.0767,145.0398,NE,,,-0.0621,-0.0459,,,,,0.0051,-0.0004,-0.0072,0.0011,-0.0027,-0.0048,-0.0062,-0.003,-0.0015,0.0021,0.0053,0.0085,0.0085,0.0101,0.0094,0.0062,0.0033,0.0006,0.0002,-0.0014,-0.0035,-0.0018
2021-07-06,-4.0767,145.0398,NO,-0.0065,,,,-0.0011,-0.0177,-0.0058,-0.0062,-0.0053,-0.0047,0.0019,0.0025,-0.0024,0.0144,0.0074,0.0073,0.0009,0.0109,0.0062,0.0128,0.0095,0.0017,0.0007,0.0022,-0.0056,-0.0085,-0.0086,-0.0081,0.0035,0.0004
2021-07-06,-4.0767,145.0398,O,,,,,,0.0575,,,0.058,,,,,,0.0898,0.0973,0.0919,0.0332,0.019,0.0017,-0.0068,-0.0042,-0.0005,0.0024,0.0008,-0.0047,-0.0067,-0.0087,-0.01,-0.0104
2021-07-06,-4.0767,145.0398,S,,,,0.1036,,,,,,,,,,,,,,,,,,,,,,,,,,
2021-07-06,-4.0767,145.0398,SO,0.1066,,,,,,,,,,,,,,,,,,,,0.0,0.0,0.0,0.0,,,,,,
2021-11-11,-4.0797,145.0415,E,,0.1134,0.0997,0.0886,0.0838,0.0669,0.0414,0.0152,-0.0124,-0.0151,-0.0186,-0.0368,-0.0546,-0.0227,-0.0036,0.0003,0.0089,-0.0027,-0.0002,-0.0027,0.0024,0.0322,0.0106,0.0138,0.0147,0.0043,-0.0084,-0.0105,-0.0195,-0.0279
2021-11-11,-4.0797,145.0415,N,,-0.092,-0.07,-0.0363,-0.012,0.0109,0.0301,0.0312,0.0374,0.0327,0.0133,-0.0043,-0.0134,-0.0101,-0.0071,-0.0166,-0.015,-0.0165,-0.0125,0.0127,0.0217,0.0333,0.0393,-0.0105,0.0078,0.0175,,,-0.077,-0.0665
2021-11-11,-4.0797,145.0415,NE,0.0744,0.0846,0.0711,0.0728,0.0722,0.0785,0.0816,0.0796,0.0693,0.0773,0.0732,0.0651,0.0269,0.0017,-0.0116,-0.0114,-0.0058,-0.0188,-0.0047,0.0064,0.0099,0.007,0.0038,0.007,-0.015,-0.0004,0.0104,0.0188,0.0229,0.0176
2021-11-11,-4.0797,145.0415,NO,,-0.0091,-0.013,-0.0295,-0.0183,-0.0315,-0.0198,-0.0297,-0.0234,-0.021,-0.0184,-0.0171,-0.0143,-0.0153,0.0053,0.0273,0.0293,0.0289,0.02,0.0277,0.0283,0.0226,0.0164,0.0286,0.0145,0.0163,0.01,0.0133,0.0019,0.0028
2021-11-11,-4.0797,145.0415,O,,0.0767,0.0528,0.0419,0.0427,0.0407,0.0234,0.0309,0.0156,0.0186,0.0181,0.014,0.0203,0.0007,0.011,0.0183,0.0212,0.0152,0.0204,0.0212,0.0163,0.0104,-0.0033,-0.0153,-0.0234,-0.0332,-0.045,-0.0545,-0.0541,-0.0431
2021-11-11,-4.0797,145.0415,S,0.0232,,,,,-0.0151,-0.0208,-0.0274,-0.0429,0.0583,0.0454,0.0038,-0.008,-0.0034,0.0036,-0.0124,-0.02,-0.0097,0.0062,-0.0194,-0.0421,,-0.0112,,,,,,,
2021-11-11,-4.0797,145.0415,SE,0.1794,,,0.1233,0.1032,0.087,0.0638,0.0448,0.0202,0.005,-0.0022,0.0097,0.0023,0.0104,-0.0022,-0.0183,-0.0185,-0.0348,-0.0316,-0.0278,-0.0131,,,,,,,,,
2021-11-11,-4.0797,145.0415,SO,,0.1265,,0.0997,0.0925,0.0837,0.0757,0.0686,0.0724,0.0546,0.0403,0.0166,0.0078,-0.0056,-0.0005,-0.0057,-0.0033,-0.0011,-0.0131,-0.0192,-0.0175,0.0092,0.0416,0.0746,-0.0393,-0.0217,-0.0466,-0.0533,-0.0236,-0.0542
2022-02-22,-4.0824,145.0361,E,,0.1626,0.0909,0.029,0.0136,-0.0008,-0.0024,-0.0013,-0.0007,-0.0031,-0.0022,-0.0017,,,,,,-0.0025,0.0004,0.0003,0.0009,0.002,0.0005,0.0018,0.0014,0.0019,-0.0009,-0.0004,-0.003,0.0002
2022-02-22,-4.0824,145.0361,N,0.2124,0.1252,0.087,0.0645,0.0273,0.01,0.003,0.002,-0.0118,-0.0119,-0.0179,-0.0059,-0.017,-0.0264,-0.0088,-0.0004,-0.0022,0.0165,0.0225,0.0179,0.0196,0.0112,0.007,0.0126,0.0061,0.0065,-0.003,-0.0027,-0.0015,-0.0028
2022-02-22,-4.0824,145.0361,NE,0.2238,0.126,0.0942,0.0516,0.0161,-0.0071,-0.0159,-0.0094,-0.0276,-0.0463,0.0057,0.0051,0.0701,,,,,,-0.0346,,,,,-0.0208,-0.008,0.0056,0.0032,0.0119,0.0138,0.014
2022-02-22,-4.0824,145.0361,NO,,0.1088,0.059,0.0409,0.0261,0.0056,-0.0067,0.022,0.0018,-0.0035,-0.009,0.0016,0.0017,-0.0062,-0.0023,-0.0045,0.0022,-0.0029,0.0037,0.0033,0.0103,0.0087,0.0027,0.0008,0.0023,0.0028,-0.0005,-0.0047,-0.0044,-0.0072
2022-02-22,-4.0824,145.0361,O,,0.1809,0.0933,0.0693,0.0497,0.0411,0.0398,0.0223,0.0144,0.0091,0.0035,-0.002,-0.0138,-0.0068,0.0003,-0.0147,-0.0215,-0.01,,,,0.0029,-0.0086,-0.0145,-0.0105,-0.0024,0.0084,0.0053,0.0053,0.0061
2022-02-22,-4.0824,145.0361,S,0.2957,0.2759,0.1863,0.1924,0.1285,0.0918,0.0423,0.0149,,0.0015,-0.0014,-0.0007,1e-04,-0.0062,-0.0004,-0.0017,-0.0036,0.0035,0.0041,-0.0068,,,,,,,,,,
2022-02-22,-4.0824,145.0361,SE,0.2897,0.2591,,0.1032,0.039,-0.0004,0.0045,,,,,0.002,0.0013,0.0008,0.0015,-0.0029,-0.0028,-0.0036,-0.0042,,0.0023,0.0013,-0.0031,0.0,-0.0012,-0.0016,0.0011,0.0011,-0.0003,0.0004
2022-02-22,-4.0824,145.0361,SO,,0.2073,0.1342,0.1706,0.1281,0.0786,0.0723,0.0366,0.0135,0.0061,-0.0018,-0.0077,-0.0085,-0.0111,-0.007,-0.0106,-0.0221,-0.0118,-0.007,-0.001,-0.0034,-0.0063,0.0015,0.0019,-0.0022,0.0105,0.0105,0.011,0.0095,0.0063
2022-04-12,-4.0802,145.0388,E,,0.2522,,,,,,,0.0111,0.015,0.0235,0.0217,0.0132,0.0041,0.0007,-0.0036,-0.0109,-0.0126,-0.0142,-0.0135,-0.0088,-0.0061,-0.0076,0.017,0.0162,0.0129,0.0087,0.001,-0.0045,-0.0133
2022-04-12,-4.0802,145.0388,N,,0.2316,0.12,0.0109,-0.0197,-0.0265,-0.0207,-0.018,-0.0067,-0.0051,0.0065,-0.004,-0.0004,0.0052,0.0166,0.0116,0.0077,0.0008,0.0012,0.0039,0.0041,0.0048,0.0035,0.0025,-0.0035,-0.0067,-0.0095,-0.0207,-0.0168,-0.0102
2022-04-12,-4.0802,145.0388,NE,,,,0.0629,0.0225,-0.0043,-0.01,-0.0039,0.0011,0.0064,0.0013,0.005,0.0024,0.0026,0.0008,-1e-04,-0.0007,-0.0009,-0.0013,-0.0012,0.0,1e-04,-0.0052,-0.0024,-0.0023,0.0006,0.0005,-0.005,-0.0069,-0.0091
2022-04-12,-4.0802,145.0388,NO,0.3782,0.2522,0.1606,,0.051,0.0234,-0.0003,0.0073,1e-04,-0.0054,-0.0074,-0.0082,-0.0114,-0.0004,0.0006,0.0052,0.0096,0.0133,0.0137,0.0104,0.0003,-0.0038,-0.0043,-0.0113,-0.0173,-0.0144,-0.0106,-0.0022,0.0062,0.017
2022-04-12,-4.0802,145.0388,O,,0.317,,,,-0.0092,-0.0024,-0.0014,,0.0065,0.0048,0.0003,-0.0021,-0.0004,-0.0052,-0.005,-0.0033,-0.001,-0.0008,0.0036,0.008,0.0165,0.0046,0.0008,-0.0035,-0.0023,-0.006,-0.0072,-0.0069,-0.0031
2022-04-12,-4.0802,145.0388,S,,0.2879,,,,,,,,,,,,,,,,,,,,,,,,,,,-0.0004,-0.0004
2022-04-12,-4.0802,145.0388,SE,,0.302,,,,,,,,,,0.0221,,,,,,,,,,,,,,,,,,
2022-04-12,-4.0802,145.0388,SO,0.3947,,,,,,,,0.0206,0.0177,0.0335,,,,-0.0063,,,,-0.0158,,-0.0215,-0.0239,-0.0223,-0.02,0.0065,0.0067,0.0026,0.0057,0.0056,0.0088
2022-05-17,-4.08,145.0388,E,,0.1273,,,,,,,,,,,,-0.0376,-0.0116,0.0086,-0.0002,-1e-04,0.0222,0.0078,0.0169,0.01,0.0257,0.0132,-0.0111,-0.0141,-0.0153,-0.0075,-0.0139,-0.0055
2022-05-17,-4.08,145.0388,N,,0.166,0.0315,0.005,-0.0063,0.0027,-0.0055,0.005,0.0004,-0.0124,-0.012,-0.0073,-0.0042,-0.0028,-0.0002,-0.008,0.0058,0.0055,0.0051,0.012,0.0153,0.009,0.0047,0.0049,0.0044,0.0002,0.0002,-0.0171,-0.0208,-0.0186
2022-05-17,-4.08,145.0388,NE,0.1465,0.0884,0.0114,0.0547,,,,,,,,,,,,0.0217,0.0194,0.0219,0.0099,0.0077,-1e-04,0.0101,-0.0122,-0.0083,-0.0191,0.0016,0.0068,0.0109,0.0136,0.0177
2022-05-17,-4.08,145.0388,NO,0.383,0.3264,0.1785,0.118,0.0552,0.0007,0.0495,0.0343,-0.0365,-0.0166,-0.016,-0.0132,-0.0104,-0.0174,-0.0137,-0.0175,-0.029,-0.0129,-0.0132,-0.0116,-0.0222,0.0003,-0.008,-0.0027,0.0102,-0.0105,-0.0094,-0.0134,-0.0121,-0.0082
2022-05-17,-4.08,145.0388,O,,,0.3434,0.192,0.1073,0.0514,-0.0068,-0.0308,-0.0215,-0.0039,0.0076,0.007,0.0,-0.0056,-0.0101,-0.0128,-0.01,-0.0054,-1e-04,0.0223,0.0348,0.0367,,,,,,,,
2022-05-17,-4.08,145.0388,S,,,0.3008,0.1337,0.1923,0.1014,,,,0.0595,0.0082,0.0091,-0.0148,-0.017,-0.0136,-0.0128,0.0042,0.0008,-0.0036,-0.0023,-0.0007,0.0239,0.0123,0.0101,-0.004,-0.0071,-0.0086,-0.0059,-0.0035,0.0082
2022-05-17,-4.08,145.0388,SE,0.3726,0.3516,0.2471,0.1981,,0.1655,0.16,,,,,,,,,,-0.0057,0.0029,0.0034,0.0006,,-0.0106,-0.0077,-0.0039,0.0049,-0.0003,0.0023,0.0053,-0.0108,0.0027
2022-05-17,-4.08,145.0388,SO,,,0.3677,0.2756,0.0649,0.0096,0.0016,-0.025,-0.0371,-0.0342,-0.0297,0.0168,-0.0121,0.0705,0.0689,0.0093,0.0552,-0.0113,0.0343,0.0311,-0.0297,-0.0342,0.0612,0.029,0.0097,-0.104,-0.0782,-0.1054,-0.1153,-0.1104
2022-05-22,-4.0797,145.0385,E,,0.3473,0.1533,0.0297,-0.0014,0.0083,0.0403,0.0313,0.0287,0.028,0.0264,0.0199,-0.0021,-0.008,-0.005,-0.0071,-0.0023,-0.0021,-0.0107,-0.0108,-0.0113,0.0091,0.0092,0.0063,0.005,0.0055,0.0042,0.0034,-0.0026,-0.007
2022-05-22,-4.0797,145.0385,N,,0.4964,0.325,0.2326,0.13,0.0643,0.0045,-0.0128,-0.0134,-0.0181,-0.0125,-0.0126,-0.0062,-0.005,-0.0033,-0.0008,0.0036,0.0063,0.0115,0.0116,0.0108,0.0108,0.0089,0.0085,0.0067,0.0034,0.0072,0.0069,-1e-04,-0.0016
2022-05-22,-4.0797,145.0385,NE,,,0.2744,0.1098,0.014,-0.0144,-0.0114,-0.0076,-0.0096,-0.0097,-0.0062,-0.0041,-0.0041,-0.0031,-0.0045,-0.0036,0.0014,0.0031,0.0051,0.0077,0.0119,0.0094,0.0085,0.0013,-0.0018,-0.0002,-0.0039,-0.0081,-0.0137,-0.0157
2022-05-22,-4.0797,145.0385,NO,0.6463,0.5633,0.4772,0.4353,0.2625,0.1858,0.11,0.0428,0.0177,0.0254,0.0066,-0.0057,-0.0065,-0.0033,-0.0072,-0.0077,-0.0165,-0.0039,-0.0093,-0.0096,-0.0141,-0.0056,-0.0092,-0.0076,-0.0172,-0.0045,0.0049,-0.0018,0.0059,0.0029
2022-05-22,-4.0797,145.0385,O,,,,0.579,0.3908,0.2217,0.054,0.0087,,,,0.0209,,,0.0032,,-0.0009,-0.0013,-0.001,-0.0043,-0.0044,-0.0071,-0.0091,-0.0109,-0.0099,-0.0045,0.0033,0.0073,0.0106,0.0153
2022-05-22,-4.0797,145.0385,SE,,,,,,0.0,,,,,,,,,,,,,,,,,,,,,,,,
2022-05-22,-4.0797,145.0385,SO,0.4029,0.4687,,,,,,,,,,,,,,,,-0.001,-0.0051,-0.0229,-0.0204,0.023,0.0205,0.0368,,,,,,-0.0237
2022-06-15,-4.0797,145.0385,E,,,0.0142,-0.0279,-0.0228,-0.0316,0.0821,0.1141,0.1,0.0227,0.0041,-0.0192,-0.0408,,,,,,,,,,-0.0226,-0.0204,-0.0093,-0.0074,-0.004,0.0036,0.0076,0.016
2022-06-15,-4.0797,145.0385,N,,0.1348,-0.0009,-0.0033,-0.0187,-0.0131,-0.0075,-0.003,-0.0007,0.0033,0.0086,0.0068,0.0088,0.0023,0.0023,0.0004,0.0036,0.0058,0.0114,0.0097,0.0052,0.0057,0.0049,0.0043,-0.0033,-0.0079,-0.0016,-0.01,0.0051,-0.0013
2022-06-15,-4.0797,145.0385,NE,,0.0569,0.016,-0.0198,-0.0341,-0.0312,-0.0171,-0.0064,0.0148,0.0035,-0.0037,-0.0003,-0.0071,-0.011,-0.0082,-0.0084,-0.0089,0.0005,-0.0058,-0.0048,0.008,0.0163,0.0096,0.0133,0.015,0.0156,0.005,0.0024,-0.0011,-0.0068
2022-06-15,-4.0797,145.0385,NO,0.2707,0.2605,0.1167,,0.0442,0.024,0.0005,-0.0414,-0.0267,0.0306,0.0003,-0.0019,-0.0065,0.0021,0.0092,0.0193,0.0261,0.0567,0.0346,0.0113,0.0117,-0.0033,,-0.0321,-0.012,-0.0194,-0.0109,-0.0035,0.0014,0.0053
2022-06-15,-4.0797,145.0385,O,,,,,0.1132,0.0496,0.0093,-0.0029,-0.0051,-0.0093,-0.0013,,,,,,,,,-0.01,0.0034,0.0033,0.0035,0.0036,0.0014,0.0015,0.002,0.0034,-0.0004,-0.0111
2022-06-15,-4.0797,145.0385,S,,0.189,0.1079,0.0838,0.0678,0.0575,0.0328,0.0017,-0.0121,,-0.0009,,,,-0.0026,-0.0019,0.0009,,,,,,,,,,,,,
2022-06-15,-4.0797,145.0385,SE,,,0.1555,0.1189,0.0635,0.0341,0.016,0.0044,-0.0004,-0.0042,-0.0064,-0.0094,,,,0.0238,,,,0.0092,0.0076,,-0.0016,0.0017,0.0004,-0.0007,0.0026,0.0047,0.0038,0.0055
2022-06-15,-4.0797,145.0385,SO,0.2505,,,,,-0.0222,-0.0164,-0.0146,-0.0317,-0.0137,0.006,0.0651,-0.007,-0.0267,-0.0118,-0.0258,-0.0345,-0.0363,-0.0356,-0.0351,,-0.0138,-0.0032,-0.0095,-0.0102,-0.009,-0.0021,-0.0098,-0.0024,-0.0005
2022-07-02,-4.0802,145.0388,E,,0.3206,0.0664,0.0097,-0.0202,-0.0301,-0.0484,-0.0042,0.0136,0.0525,0.038,0.0224,0.0054,-0.02,-0.022,-0.0134,,0.0017,,,,,,,-0.0043,0.0031,0.0075,0.0045,-0.0003,-0.0167
2022-07-02,-4.0802,145.0388,N,,,0.313,0.0212,-0.0055,0.0191,0.0052,-1e-04,0.0046,-1e-04,0.0011,-0.006,-0.001,0.0021,0.0038,0.01,0.0089,0.0065,0.0077,0.0071,0.0065,0.004,0.0027,-0.0031,-0.0103,-0.003,-0.008,-0.0073,-0.0046,-0.0011
2022-07-02,-4.0802,145.0388,NE,,,,0.0375,0.0087,-0.0008,-0.0037,-0.0012,0.0034,0.0006,-0.0017,-0.0128,-0.0082,0.0079,0.0131,0.011,0.0116,0.0044,0.0049,0.0043,-1e-04,0.0031,-0.0072,-0.0091,-0.0149,-0.0101,0.0013,-0.0085,-0.0143,-0.0091
2022-07-02,-4.0802,145.0388,NO,0.9546,,0.1557,0.0688,0.027,0.0006,-0.0004,0.0106,-0.003,-0.0051,1e-04,-0.0022,0.0061,0.0095,0.0017,0.008,0.0088,0.0036,-0.0006,-0.0053,-0.0067,0.0004,-0.0042,-0.0031,-0.0028,0.0006,-0.0005,-0.0014,-0.0011,0.0021
2022-07-02,-4.0802,145.0388,O,,0.5872,0.3899,0.0791,-0.0012,0.0193,1e-04,0.0056,,,,,,,,0.0026,-0.005,-0.0027,0.0007,-0.0021,0.001,0.0021,0.0033,0.0035,0.0051,0.0036,-0.0016,-0.0014,-0.0024,0.0006
2022-07-02,-4.0802,145.0388,S,,0.5381,0.2036,0.0593,0.0303,,0.0087,0.0047,,,,-0.0021,-0.0064,,,,,,,,0.0075,-0.0054,-0.0052,-0.002,-0.0004,0.0005,0.0006,0.0004,0.0008,0.0022
2022-07-02,-4.0802,145.0388,SE,,0.5139,,0.0609,,0.0059,-0.0034,0.0,,,,,,,,,,,,,,,,,,,,,,
2022-07-02,-4.0802,145.0388,SO,,0.6943,0.2142,0.0896,0.0099,0.0033,-0.0081,-0.0169,-0.0034,0.0151,0.0415,0.0105,0.0121,0.0084,,,-0.0214,-0.0038,-0.0038,0.0028,0.002,0.0081,0.0245,0.0121,-0.0003,-0.0077,-0.0146,-0.0007,0.0017,-0.0067
2022-10-29,-4.0802,145.039,E,,0.166,0.1374,0.1107,0.0946,0.0771,0.0598,0.0398,0.0221,0.0141,0.008,0.0095,-0.0036,-0.01,-0.01,-0.0108,-0.0109,-0.014,-0.0217,-0.0347,-0.0244,-0.0111,-0.014,0.0041,0.0072,0.011,0.006,-0.0012,-0.0043,0.0014
2022-10-29,-4.0802,145.039,N,,0.0013,-0.0243,-0.0561,-0.0367,-0.0456,-0.0505,-0.0474,-0.0166,-0.0058,0.0021,0.0057,0.0192,0.0262,0.0284,0.0288,0.0312,0.0311,0.0283,0.0176,0.0062,0.0062,0.0015,-0.0048,-0.0096,-0.012,-0.0153,-0.0155,-0.0102,-0.0144
2022-10-29,-4.0802,145.039,NE,0.0619,0.0502,0.0145,0.0011,-0.013,-0.0156,-0.0228,-0.0133,-0.0215,0.0151,0.0029,0.0382,0.0016,0.0377,0.041,0.0337,0.0619,-0.0159,0.0025,0.023,0.0072,0.0092,-0.0053,-0.0094,-0.0108,-0.0131,-0.0233,-0.022,-0.0198,-0.0138
2022-10-29,-4.0802,145.039,NO,0.0899,0.0629,0.0307,,0.0146,-0.0059,-0.0035,-0.0014,-0.0326,-0.0194,-0.0109,-0.0107,-0.0096,0.0008,0.0008,0.0026,0.0022,0.0096,0.0102,0.0135,0.0126,0.0115,0.0041,0.002,-0.0066,-0.0137,-0.0149,-0.0125,-0.0098,-0.0082
2022-10-29,-4.0802,145.039,O,,0.1401,0.0901,,-0.0448,,,-0.0403,-0.0234,-0.0008,0.0161,0.0122,0.012,0.0135,0.0207,0.0163,0.0271,0.0201,0.0122,0.0102,0.0048,-0.0044,0.0165,0.0059,-0.0036,-0.008,-0.0179,-0.0116,-0.0229,-0.0397
2022-10-29,-4.0802,145.039,S,,,,,,,,,,,,,,,,,,,,,0.0,0.0,0.0,,0.0,0.0,0.0,0.0,0.0,0.0
2022-10-29,-4.0802,145.039,SE,0.1408,,,0.0664,0.0717,0.0528,0.0216,-0.0012,-0.0095,,,,,,,,,0.0073,,,,,,,,,,,,
2022-10-29,-4.0802,145.039,SO,0.2095,0.1351,0.1034,0.0633,-0.0168,-0.0366,-0.0365,-0.0364,-0.0361,-0.0346,-0.0316,-0.0307,-0.0309,0.0234,0.0085,0.0229,0.0297,0.0239,0.0244,0.0281,0.0244,0.0185,0.0126,0.0052,-0.0215,-0.0328,-0.0326,-0.0326,-0.0244,-0.0315
2023-01-27,-4.0767,145.0382,E,,0.0536,0.056,0.0391,-0.0004,-0.0088,-0.0111,-0.0179,-0.0218,-0.017,0.0087,0.0131,0.0204,0.037,0.0162,0.0144,0.0094,-0.0002,-0.0184,-0.0204,0.0021,0.0076,-0.0092,-0.0189,-0.0175,-0.0125,-0.0065,-0.0162,-0.0164,
2023-01-27,-4.0767,145.0382,N,,0.1311,-0.007,0.0037,0.0047,0.0136,0.0199,0.0126,-0.0094,0.0142,0.0277,-0.0055,0.0004,0.0169,0.0079,0.0129,-0.0024,0.0133,0.0155,0.0035,0.0013,-0.0066,-0.0065,-0.0073,-0.0026,0.0063,0.0116,-0.0038,-0.0271,-0.0332
2023-01-27,-4.0767,145.0382,NE,0.0893,0.0233,-0.0381,-0.0226,-0.0264,-0.0325,-0.0223,-0.0217,-0.0264,-0.0125,-0.0135,-0.0084,0.0073,0.0133,0.0114,0.0097,0.0092,0.0114,0.0035,0.0124,-0.0014,-0.0,0.0012,-0.0034,-0.0033,-0.0002,-0.0045,-0.0041,-0.0048,-0.0049
2023-01-27,-4.0767,145.0382,NO,0.1606,0.0474,0.0123,0.0076,0.0199,-0.03,-0.0499,-0.0686,-0.0542,,-0.0077,-0.0056,0.0021,0.0074,0.0034,0.0045,0.0142,0.0017,0.014,1e-04,-0.0052,-0.0072,-0.0093,-0.0069,-0.0034,-0.0022,-0.0113,-0.009,-0.0005,0.0007
2023-01-27,-4.0767,145.0382,O,,0.2455,0.1015,,,,,,-0.0259,1e-04,0.0093,0.0251,0.0156,0.0351,0.0297,0.0087,-0.0468,-0.0297,-0.0422,-0.0257,-0.0168,-0.0134,-0.0106,-0.0046,-0.0031,0.0049,0.0036,0.0056,0.0058,0.0097
2023-01-27,-4.0767,145.0382,S,,0.1529,0.0683,0.0192,,,,0.005,0.0034,0.003,0.0017,0.0003,1e-04,-0.0011,-0.0025,-0.0033,-0.0037,-0.0043,0.0009,0.0041,0.0,-0.0038,-0.0046,-0.0068,-0.0079,-0.0017,0.0017,0.0018,0.0013,0.0062
2023-01-27,-4.0767,145.0382,SE,0.237,0.1735,0.1569,0.1067,0.0718,0.024,0.0072,0.003,0.0022,0.0017,0.001,0.0004,-0.0002,-0.0007,-0.0014,-0.0019,-0.0024,-0.0029,-0.0033,-0.0039,-0.004,-0.0007,-0.0014,0.0023,-0.0024,-0.0025,-0.0027,0.0014,0.003,0.0066
2023-01-27,-4.0767,145.0382,SO,0.2625,0.2436,0.0622,0.0144,,,,,,-0.0011,-0.005,0.0071,-0.0063,-0.0055,-0.0069,-0.002,-0.0049,-0.006,0.004,0.0002,0.0014,0.0145,-0.0049,0.0099,-0.004,-0.0202,-0.0185,-0.0128,-0.0146,-0.0094
2023-08-21,-4.0767,145.0382,E,,,,,,,,,,,0.0338,0.0062,0.0327,0.0069,-0.0201,0.0007,0.0302,0.0162,0.0051,-0.0059,0.0018,0.0179,0.0425,0.0311,0.0232,0.011,0.003,0.0135,-0.0538,-0.0243
2023-08-21,-4.0767,145.0382,N,,0.0573,,,,,,,,,,,,,0.0099,0.0088,0.0093,0.0084,0.0041,0.0004,0.0069,0.0031,-0.0003,0.0008,0.002,0.0004,-0.0024,-0.0046,-0.0043,0.0013
2023-08-21,-4.0767,145.0382,NE,0.022,,,,,,,,,,-0.008,-0.0018,0.0083,0.0152,0.019,0.0198,0.017,0.0108,-0.0104,-0.0087,-0.0075,-0.0105,-0.0075,-0.0008,0.0016,0.0084,0.0103,0.011,0.0083,0.0077
2023-08-21,-4.0767,145.0382,NO,0.0506,0.0262,0.0191,,-0.0295,-0.0692,-0.0735,,,,,,,,0.0048,0.0137,0.004,0.0309,0.0007,0.0024,0.0054,0.0087,0.0096,0.013,0.0035,-0.0013,-0.0043,-0.0124,0.0233,0.0168
2023-08-21,-4.0767,145.0382,O,,,,,0.1174,0.057,,,,,,,,,0.0003,0.0083,0.0036,-0.0092,-0.0071,-0.0121,-0.0227,-0.0,0.0072,0.0026,-0.0058,0.0012,0.0068,0.0012,-0.0104,-0.0122
2023-08-21,-4.0767,145.0382,S,,,0.0857,0.0431,0.0312,0.0283,,,,,-0.0011,-0.0034,,0.0029,0.0002,-0.0003,-0.0014,,,,,,,,,,,,,
2023-08-21,-4.0767,145.0382,SE,0.1576,0.1,0.0831,0.0342,0.0336,0.026,0.0169,,,,,,,,,0.0146,0.0023,-0.0116,0.0054,-0.003,0.0105,0.0145,0.0061,0.0002,-0.0058,-0.0105,-0.0064,-0.013,-0.0143,
2023-08-21,-4.0767,145.0382,SO,0.266,,0.1927,0.1816,0.1369,,,,,,,,,,,0.0111,0.0088,0.0096,0.0079,0.0065,0.0023,-0.0039,0.0013,-0.0101,,-0.0108,-0.0039,0.0018,0.0015,0.0079
2023-09-04,-4.0767,145.0382,E,,-0.0069,0.0228,0.0149,-0.0284,-0.0301,0.009,-0.0252,-0.049,-0.0425,-0.0227,-0.0132,-0.0159,0.0188,0.043,0.0041,0.0242,0.021,0.0143,0.007,0.0068,-0.0058,-0.0156,-0.0087,0.0027,0.0074,0.0011,0.0003,-0.0057,-0.0225
2023-09-04,-4.0767,145.0382,N,,0.22,0.0547,0.0347,0.0434,0.05,0.077,0.0712,0.0533,0.0129,0.0547,0.0034,0.0004,-0.0025,0.001,0.0072,0.004,0.0024,-0.0044,-0.0002,0.005,0.0056,0.0031,-0.001,-0.0098,0.0016,-0.0163,-0.0187,-0.0254,-0.0233
2023-09-04,-4.0767,145.0382,NE,-0.0121,-0.0538,-0.079,-0.0612,-0.0518,-0.0392,-0.0311,-0.0215,-0.0209,-0.0122,-0.0132,0.0034,0.0076,0.0073,0.0105,0.0084,0.0055,0.0186,-0.0054,0.0009,0.0052,-0.0009,0.0041,0.0059,-0.0143,0.0025,0.0024,0.0071,0.0062,-0.013
2023-09-04,-4.0767,145.0382,NO,0.2297,0.1584,0.0586,0.0324,0.0169,0.0009,-0.022,-0.0187,-0.0081,0.0016,0.0007,0.0036,0.0088,0.0093,0.0049,0.0128,0.0167,0.0329,0.0295,0.0157,0.0204,0.0189,0.0211,0.0204,0.0098,0.0151,0.0034,0.0047,0.0088,0.0043
2023-09-04,-4.0767,145.0382,O,,,0.2138,0.0727,0.0307,-0.0333,-0.0373,-0.0097,0.0066,0.0197,0.0333,0.0697,0.0959,0.1233,0.1068,-0.0077,-0.0174,-0.0239,-0.0287,-0.0182,-0.0159,-0.0166,-0.0071,0.0047,0.0024,-0.0047,-0.0081,-0.008,-0.0085,-0.0052
2023-09-04,-4.0767,145.0382,S,,,,,,,,,,,,0.0059,0.0042,0.0011,-0.0009,-0.0016,-0.0027,-0.0038,-0.0023,0.0002,0.004,-0.0025,-0.0041,-0.0052,0.0006,0.0054,0.0107,0.0055,0.0038,0.0062
2023-09-04,-4.0767,145.0382,SE,0.1946,0.1408,0.1235,0.1371,0.0701,0.0343,0.0125,0.004,0.0036,0.0023,0.0016,0.0008,-1e-04,-0.0013,-0.0027,-0.0037,-0.0025,-0.0057,-0.0058,-0.0034,-0.0049,-0.0057,-0.005,-0.0061,-0.0028,0.0006,0.002,-0.0005,0.0055,0.0053
2023-09-04,-4.0767,145.0382,SO,,,0.158,0.0981,0.039,0.0259,0.0069,0.005,0.0042,0.0027,0.0006,-0.0004,-0.0009,-0.0037,-0.0042,-0.0044,-0.0052,-0.0063,-0.0076,-0.0106,-0.0065,0.0076,0.0567,0.0011,-0.0026,-0.0018,-0.008,-0.0021,-0.0002,0.0029
2023-09-06,-4.0802,145.0415,E,,0.0022,-0.0163,-0.024,-0.0213,,,-0.0202,-0.0365,-0.0541,-0.0612,-0.0534,-0.0539,-0.0587,-0.0521,-0.0507,-0.0397,-0.0443,-0.0239,-0.0226,-0.0407,-0.0414,-0.0147,0.0285,0.0234,0.0165,0.0142,0.0119,0.006,-0.0011
2023-09-06,-4.0802,145.0415,N,,0.0192,0.0027,0.0018,0.0005,0.0032,0.0037,0.0056,0.0041,0.0135,-0.0174,-0.0166,-0.0263,-0.0251,0.0494,0.0421,0.0289,0.0381,0.0363,0.0297,0.0204,0.0143,0.0005,0.0022,-0.0,-0.0044,-0.0098,-0.0053,-0.0133,-0.02
2023-09-06,-4.0802,145.0415,NE,0.0714,0.0525,0.0417,0.0402,0.0436,0.0486,0.0465,0.047,0.0356,0.0241,0.0085,-0.0034,-0.0092,-0.0131,-0.0141,-0.0126,-0.0085,-0.012,-0.0106,-0.0048,0.004,0.0084,0.0098,-0.0016,-0.0058,-0.0031,-0.0057,0.0129,0.0021,0.0014
2023-09-06,-4.0802,145.0415,NO,,-0.0225,-0.0186,-0.0157,-0.0044,-0.0011,0.0117,-0.0025,0.002,-0.0004,-0.0018,-0.0007,0.0081,0.0139,0.0128,0.0156,0.0049,0.0058,0.0042,0.0158,0.0092,0.0189,0.0129,0.0157,0.0184,0.0189,0.0225,0.0289,0.0272,0.0295
2023-09-06,-4.0802,145.0415,O,,0.1636,0.1579,0.1472,0.1313,0.1064,0.1008,0.0709,0.0568,0.0441,0.0347,0.0225,0.017,0.0037,0.006,-0.0122,-0.0151,-0.0121,-0.0065,-0.0024,-0.004,-0.0022,-0.0041,-0.0045,-0.0087,-0.0104,-0.019,-0.0152,-0.0281,-0.0388
2023-09-06,-4.0802,145.0415,S,0.1295,,,,,,,,0.0731,0.0618,0.0881,-0.007,-0.0314,-0.052,-0.0283,-0.0288,-0.024,-0.0107,0.0162,0.0125,0.0134,0.0156,0.0125,0.0076,0.0016,-0.0056,-0.0024,-0.013,-0.0138,-0.0035
2023-09-06,-4.0802,145.0415,SE,0.0938,,,,,,,,,,,,-0.0205,-0.0024,-0.0125,0.0196,-0.0478,0.0287,0.0028,-0.0149,-0.0251,-0.0184,-0.0027,0.0202,0.0235,0.0308,0.0315,0.0058,0.0102,-0.0153
2023-09-06,-4.0802,145.0415,SO,,0.1711,,,,,,,0.0408,0.0035,-0.0008,0.0009,-0.0005,0.0043,0.0047,0.007,-0.0008,0.0009,-0.005,-0.0064,-0.0044,-0.007,-0.0057,-0.0073,-0.0107,0.0022,-0.0033,-0.0027,-0.0086,-0.0109
2023-09-14,-4.08,145.0415,E,,-0.029,-0.0326,,,,,-0.0416,-0.0491,-0.0488,-0.0462,-0.0409,-0.0416,-0.0346,-0.042,-0.0307,-0.0268,-0.0216,-0.0104,-0.0219,-0.0176,0.0018,0.0239,0.0317,0.0329,0.0268,0.0242,0.0189,0.0179,0.0064
2023-09-14,-4.08,145.0415,N,,-0.0245,-0.0239,-0.0165,-0.0129,-0.0064,-0.001,-0.0011,0.0035,0.0115,0.0132,0.0184,0.0179,0.0156,0.0087,-0.0066,-0.0244,-0.0246,-0.0142,-0.0145,-0.0084,-0.0076,-0.0084,-0.0004,0.012,0.0142,0.0239,0.0396,0.0466,0.0468
2023-09-14,-4.08,145.0415,NE,0.0512,0.0474,0.0432,0.0436,0.0443,0.0417,0.0374,0.0343,0.0289,0.0268,0.0278,0.0236,0.0213,0.0197,0.007,-0.0019,-0.0063,-0.0037,-0.0059,-0.0037,0.0076,0.0011,0.0049,0.0062,0.0061,0.0107,0.014,0.0029,0.0184,0.0206
2023-09-14,-4.08,145.0415,NO,,-0.0055,-0.0055,-0.0129,-0.0055,-0.0124,-0.0059,-0.009,0.0046,0.0088,0.0148,0.0214,0.0323,0.0395,0.0351,0.0275,0.0022,-0.0106,-0.0125,-0.045,-0.0359,-0.059,-0.0405,-0.0562,-0.015,-0.0098,0.0011,0.033,0.0603,0.0732
2023-09-14,-4.08,145.0415,O,,0.1392,0.1242,0.1119,0.0988,0.0749,0.0594,0.0442,0.0285,0.0193,0.0132,0.0085,0.0066,0.0007,0.0045,-0.0054,-0.0131,-0.0127,-0.01,-0.0065,-0.0024,-0.0036,-0.005,-0.0033,-0.0017,-0.001,0.0026,-0.0017,-0.0077,-0.0114
2023-09-14,-4.08,145.0415,S,0.1086,,,,,,,,0.0474,0.0419,0.023,0.0062,-0.0089,-0.0202,-0.009,-0.0034,-0.0071,-0.0061,0.0214,0.0168,-0.0114,-0.0142,0.0078,-0.0039,0.0033,-1e-04,-0.0053,-0.0106,-0.0079,-0.0067
2023-09-14,-4.08,145.0415,SE,0.056,,,,,,,,,-0.0242,-0.0162,-0.0293,-0.0371,-0.0224,-0.0076,0.0018,0.0012,0.0122,0.0009,0.0084,-0.0019,0.0199,-0.012,0.0102,0.0196,0.0203,0.0199,-0.0092,-0.0138,-0.0245
2023-09-14,-4.08,145.0415,SO,,0.1406,,,,,,,0.0231,0.0098,-0.0012,-0.0025,-0.0023,0.0036,0.0041,0.0068,0.0018,0.0012,-0.0056,-0.0117,-0.0144,-0.0105,0.0042,-0.0004,0.0047,0.0055,-0.0019,-0.0006,0.0004,-0.001
2023-11-25,-4.0791,145.0404,E,,0.1158,,,,,,,,,,,,,-0.0152,-0.0098,-0.0237,-0.0841,-0.0705,-0.0607,-0.0548,-0.0377,-0.0253,-0.0094,-0.0046,0.0007,0.0046,0.0076,0.0175,0.0017
2023-11-25,-4.0791,145.0404,N,,,,0.1957,0.1485,0.0781,0.0292,-0.0021,,,-0.0669,-0.0572,-0.0162,0.0332,0.0379,0.0326,0.0188,0.0018,,,,,,,,,,,,
2023-11-25,-4.0791,145.0404,NE,,,,0.0901,,,-0.0189,-0.0192,0.0065,-0.0125,-0.013,-0.0105,0.003,0.0098,0.0242,0.0332,0.036,-0.0056,-0.0299,-0.0351,-0.0418,-0.0437,-0.0513,-0.065,-0.0733,0.0033,0.0266,0.0307,0.0499,0.0598
2023-11-25,-4.0791,145.0404,NO,0.1162,,,,0.0809,0.0668,0.034,0.0181,0.0068,0.0027,-0.0066,-0.017,-0.0257,-0.0113,0.0029,0.0179,0.0097,0.0443,0.0145,0.0407,0.0294,0.017,0.0169,0.0061,-0.0348,-0.0484,-0.0205,0.0658,0.0336,0.0416
2023-11-25,-4.0791,145.0404,O,,,,0.0485,0.0415,0.0351,0.0236,0.0154,0.0076,-0.0113,-0.0382,-0.0061,-0.0158,-0.0329,-0.027,-0.0122,0.0088,0.0279,0.0368,0.0294,0.0218,0.0173,0.0195,0.0202,0.0228,0.0111,-0.0008,0.0019,0.0057,0.0078
2023-11-25,-4.0791,145.0404,S,,0.1122,0.1021,0.0885,0.0713,0.0399,0.0175,,0.0152,,,,,,,,,,,,,,,,,,,,,
2023-11-25,-4.0791,145.0404,SE,0.1156,0.0946,0.0859,0.0413,,,0.0179,0.0112,-0.0399,,,-0.0091,0.0006,0.0014,-0.013,,,,,,,,,,,,,,,
2023-11-25,-4.0791,145.0404,SO,,,0.2238,0.2165,0.2058,0.1834,,,,,,,,,,0.0556,,,,,,0.0073,-0.0055,-0.0009,0.0036,-0.0015,0.0017,-0.0035,0.001,-0.0116
2023-12-19,-4.0818,145.0334,E,,0.0537,0.0443,0.0336,0.0239,0.0143,0.0073,0.002,0.0014,0.0009,1e-04,-0.0018,-0.0019,-0.0018,-0.0028,-0.0025,-0.0007,-0.0009,0.001,0.0007,-0.0002,-0.0007,-0.0002,-0.0007,0.0005,-0.001,-0.0005,0.0004,0.002,0.0028
2023-12-19,-4.0818,145.0334,N,,0.056,0.0454,0.0322,0.0169,0.0127,,,,,,,,,,,,,,,,,,,,,,,,
2023-12-19,-4.0818,145.0334,NE,-0.0283,-0.0346,-0.022,-0.0195,-0.0123,-0.0097,-0.0002,0.0004,-0.0003,,,0.0,,,,,,,,,,,,,,,,,,
2023-12-19,-4.0818,145.0334,NO,0.0845,0.0652,0.0511,0.0375,0.0208,0.0093,0.0033,-0.0027,-0.0142,-0.0175,-0.0041,0.0053,0.0107,0.0231,0.02,0.0154,0.0208,-1e-04,-0.0004,-0.0109,-0.0199,-0.0124,0.0052,-0.0005,-0.0095,-0.0207,-0.0239,-0.018,,
2023-12-19,-4.0818,145.0334,O,,0.06,0.0507,0.046,0.0458,0.0296,0.0248,0.0159,0.0087,0.0021,-0.0021,-0.0048,-0.002,-0.0091,-0.0046,-0.0034,0.0092,0.0132,0.0143,0.0102,0.0134,0.0129,0.006,-0.0059,-0.0048,-0.0052,-0.0092,-0.0073,-0.0094,-0.0164
2023-12-19,-4.0818,145.0334,S,,,0.0045,-0.0083,-0.0046,0.005,0.0081,0.0041,0.0047,0.0009,-0.0031,-0.0055,-0.0007,-0.0149,-0.0065,-0.0002,,,,,,,,-0.0415,,0.0293,0.0237,0.0209,-0.0033,-0.0128
2023-12-19,-4.0818,145.0334,SE,0.0281,0.0135,0.0028,-0.0157,-0.0122,-0.0017,-0.002,-0.0059,-0.0069,-0.0018,0.0027,0.0073,0.0122,0.0146,0.0106,0.0098,0.0085,-0.0022,-0.0013,-0.0031,-0.0119,-0.0153,-0.0136,-0.0116,-0.0128,,,,,
2023-12-19,-4.0818,145.0334,SO,0.013,,0.0025,-0.0003,0.0009,0.0054,0.0066,0.0049,0.0016,0.0009,-0.0034,-0.0053,-0.0077,-0.0077,-0.0064,-0.0047,-0.003,-0.0012,-0.002,0.0,0.0036,0.0048,0.0047,0.0076,0.0065,,,,,-0.0068
2024-07-30,-4.0824,145.0406,N,0.028,0.023,0.0137,0.0063,-0.0011,-0.0026,-0.0053,-0.0109,-0.0164,-0.0185,-0.0141,-0.0124,-0.0104,-0.0053,0.0006,0.0033,0.0004,0.0028,0.0022,0.0021,0.0015,-0.0043,-0.0067,-0.0097,-0.005,0.0097,0.004,0.0017,-0.0077,0.0034
2024-07-30,-4.0824,145.0406,NE,0.0175,0.011,,-0.0076,-0.0182,-0.027,-0.03,-0.0312,-0.032,-0.036,-0.0305,-0.0263,-0.0265,-0.0264,-0.027,-0.0274,-0.0262,-0.0252,-0.0228,-0.0197,-0.0181,-0.0156,-0.0121,-0.0092,-0.0054,0.0053,0.0253,0.0319,0.046,0.0531
2024-07-30,-4.0824,145.0406,NO,,-0.0528,-0.0488,-0.0443,-0.038,-0.0321,-0.0198,-0.0153,-0.0053,0.0121,0.0097,-0.0032,-0.004,-0.0242,0.0198,0.0387,0.0252,-0.0153,-0.0279,-0.0035,-0.0535,0.0067,-0.0005,-0.0281,-0.0357,-0.0256,-0.0248,-0.0234,-0.0154,-0.0136
2024-07-30,-4.0824,145.0406,O,,0.0368,0.0342,0.0319,0.0279,0.0247,0.022,0.0188,0.0164,0.0166,0.0122,0.0022,-0.0091,-0.0143,-0.0177,-0.0221,-0.0217,,,-0.0157,-0.0096,-0.0059,-0.005,-0.0043,-0.0098,-0.0026,0.0039,-1e-04,0.0021,0.0117
2024-07-30,-4.0824,145.0406,S,0.0534,0.0467,0.0385,0.0294,0.0213,0.013,0.0089,0.0078,0.007,0.004,0.0049,0.0017,1e-04,-0.0005,0.0013,-0.0013,-0.0051,-0.0079,-0.0107,-0.0072,-0.0087,-0.0129,-0.0121,-0.0089,-0.0044,1e-04,0.0025,0.0064,0.009,0.0111
2024-07-30,-4.0824,145.0406,SO,,0.0399,0.0336,0.0319,0.0198,0.0164,0.0139,0.0158,0.0097,0.0058,0.0045,0.0028,0.0035,0.0004,-0.0014,-0.0027,-0.0053,-0.0026,-0.0032,-0.006,-0.0072,-0.0075,-0.0003,-0.0069,0.0044,-0.0032,-0.0048,-0.0047,-0.0033,0.0054
2025-03-03,-4.0802,145.0409,E,,,,,,,,,,,,,,,,,,,,,,,,,-0.0017,-0.0008,0.0005,-0.0008,-0.0015,0.0008
2025-03-03,-4.0802,145.0409,N,,0.1199,0.1176,0.0972,0.0673,0.0633,,0.0428,0.041,,,,,-0.0063,-0.0196,-0.0219,0.0164,0.0113,0.0084,0.0137,0.0112,-0.0007,-0.0047,0.0186,0.0133,0.0085,0.0056,0.0021,-0.0013,-0.0228
2025-03-03,-4.0802,145.0409,NE,,0.0797,0.0573,0.0341,0.0161,0.0118,0.0142,0.0033,0.0011,-0.0036,-0.0045,-0.0049,-0.0032,-0.0025,-0.0013,-0.0016,0.0016,,,,,,,,,,,,,
2025-03-03,-4.0802,145.0409,NO,,,,,,,,,,,,,,,,,,,,,,,,,-0.0031,-0.0,0.0016,0.004,0.0051,0.0019
2025-03-03,-4.0802,145.0409,O,,,,,,,,,,,,,,,,,,,,,-0.0107,-0.005,0.0066,0.0118,0.01,0.0079,0.0033,0.0007,-0.0025,-0.0034
2025-03-03,-4.0802,145.0409,S,,,,,,,,,,,,,,,,,-0.0071,-0.0032,0.0036,0.0002,-0.0115,-0.0099,-0.0057,-0.0017,-0.001,0.0026,0.0033,0.0033,0.003,-0.0072
2025-03-03,-4.0802,145.0409,SO,,,,,,,,,,0.0191,0.0176,0.0079,0.0061,0.0039,0.0004,-0.0019,-0.0085,-0.0088,-0.0082,0.001,0.0105,0.0061,0.0067,0.0074,0.0048,-0.0093,-0.0051,-0.0052,-0.0039,-0.0047
2025-05-30,-4.0805,145.0388,E,,,,,,-0.0282,-0.0212,,-0.0151,0.0202,0.0221,0.0278,0.0233,0.011,,,,,,,,-0.0208,-0.0108,-0.014,-0.0268,-0.0158,-0.0116,0.0009,0.0096,0.0193
2025-05-30,-4.0805,145.0388,N,,,0.0522,0.0431,0.037,0.0286,0.0241,0.0182,0.0098,0.0024,-0.001,-0.0003,-0.0008,0.0016,-0.0,0.0043,0.0067,0.0087,0.0087,0.0059,0.0065,0.0035,0.0004,-0.0038,-0.0081,-0.0109,-0.0103,-0.009,-0.0081,-0.0057
2025-05-30,-4.0805,145.0388,NE,,,,0.055,,,0.0219,0.0189,-0.0012,0.0096,0.0102,0.004,0.0084,0.0088,-0.0024,-0.0062,-0.0084,-0.0092,-0.0046,-0.0038,-0.0017,-0.0025,-0.0089,-0.0097,-0.0106,-0.0046,-0.002,0.0071,0.0106,0.0205
2025-05-30,-4.0805,145.0388,NO,0.1417,,,,,0.014,,0.0061,-0.005,-0.0037,-0.0081,-0.0098,-0.0034,-0.0,0.0028,0.0051,0.0037,0.0067,0.002,-0.0003,-0.001,-0.0009,-0.0017,-0.0007,-0.0032,0.0003,-0.004,-0.0077,-0.0151,-0.0171
2025-05-30,-4.0805,145.0388,O,,,,0.0239,-0.0127,-0.0222,-0.0142,-0.0103,-0.0121,0.0034,-0.0045,-0.0126,-0.016,-0.0232,-0.0209,-0.0025,0.0043,0.0049,0.0023,-0.0006,-0.0004,0.0083,0.0115,0.0135,0.014,0.0059,-0.0044,-0.0077,-0.0039,0.0018
2025-05-30,-4.0805,145.0388,S,,,,,,,,,,0.0,0.0,0.0,0.0,0.0,0.0,0.0,0.0,0.0,0.0,,,,,,,,,,,
2025-05-30,-4.0805,145.0388,SE,,,,,,,,,,0.0,,,,,,,,,,,,,,,,,,,,
2025-05-30,-4.0805,145.0388,SO,,0.1811,,,,,,0.0341,0.0373,0.0377,0.0319,0.0171,0.0101,0.0029,-0.0054,-0.0137,-0.0129,-0.0116,0.0022,-0.0023,-0.0016,-0.004,-0.0078,-0.0077,-0.0018,-0.0024,0.0091,0.0233,0.0207,0.0197
2025-07-17,-4.0808,145.0409,E,,0.0058,0.0028,,0.0034,,,,,0.0106,0.0072,0.0033,1e-04,0.0045,0.0059,0.0053,0.0036,0.0038,-0.0005,0.0002,0.0016,-0.0012,-0.0019,0.0004,0.002,0.0061,0.0051,0.0007,0.0005,-0.0027
2025-07-17,-4.0808,145.0409,N,,-0.0121,,-0.0111,-0.0117,-0.0046,-0.0006,-0.0003,0.0027,-0.0007,-0.0004,-0.0036,0.0021,0.0092,,0.009,,,,,,,,,,,,,,
2025-07-17,-4.0808,145.0409,NE,0.0379,,0.0272,0.034,,,,0.0028,0.0023,0.0052,0.0049,0.003,0.0029,0.0034,0.0028,0.0038,-0.0006,0.0047,-0.0033,-0.0003,-0.0078,-0.0044,-0.0156,0.0018,-0.0008,0.0021,0.0064,-0.0006,0.013,0.0147
2025-07-17,-4.0808,145.0409,NO,,0.1479,0.1453,0.144,0.1462,,0.1439,0.1451,,,,,,,,,,,,,,,,,,,,,,
2025-07-17,-4.0808,145.0409,O,,0.0448,0.0282,,,0.0084,0.0014,0.0037,0.0019,-0.005,,,,,,,,,,,,,,,,,,,,
2025-07-17,-4.0808,145.0409,S,0.1265,0.1231,0.1206,0.1152,0.1141,0.106,0.1048,,,,,,,0.0265,0.0155,0.0075,0.0078,0.0028,0.0008,-0.001,-0.0036,-0.0061,-0.0066,-0.0088,-0.0058,-0.0042,-0.0025,0.0048,0.0099,0.0131
2025-07-17,-4.0808,145.0409,SE,0.1113,0.1039,0.1055,0.1034,0.116,0.0953,0.0882,0.0758,0.0542,0.0385,0.0322,0.0162,0.0046,-0.0106,-0.0138,-0.0316,-0.0237,-0.0308,-0.0192,0.0027,0.0026,-0.0145,-0.0062,-0.0066,-0.012,0.0069,0.0026,0.0005,0.0025,0.0074
2025-07-17,-4.0808,145.0409,SO,,0.0819,0.0705,0.0609,0.0521,0.0379,0.0195,0.0218,0.021,0.0123,0.0117,0.0081,0.0116,-0.0063,-0.0107,-0.0225,-0.0198,-0.0056,-0.0122,-0.0112,-0.0048,0.0014,-0.0023,-0.0058,-0.0054,-0.0028,-0.0014,0.0008,0.0013,-0.0003
2025-12-24,-4.08,145.0385,E,,0.2144,0.1202,0.0488,0.0091,-0.0266,-0.0239,,0.132,0.192,0.2524,,0.1948,0.184,0.0752,-0.0137,-0.032,-0.0346,-0.0323,-0.0354,-0.0328,-0.0348,-0.0013,0.0043,0.0168,0.0167,0.011,0.0123,0.0147,0.0032
2025-12-24,-4.08,145.0385,N,,0.381,0.2216,0.156,0.1048,0.0629,0.0293,0.0032,-0.0201,,-0.0191,0.0017,0.0081,0.0199,0.019,0.0101,,,,,,,,,-0.02,-0.0194,-0.016,-0.0081,-0.0044,0.0068
2025-12-24,-4.08,145.0385,NE,,,0.2203,0.1346,0.0911,0.0664,0.0459,0.0316,0.018,,,,,,-0.0031,-0.0124,-0.0148,-0.006,0.0022,0.0004,-0.0062,-0.0128,-0.0114,-0.0144,-0.0073,0.0086,-0.0031,-0.0011,0.0,0.0021
2025-12-24,-4.08,145.0385,NO,0.4959,0.3894,0.2949,0.2205,0.1753,,0.0318,0.0036,-0.0107,-0.0107,-0.0033,0.0058,0.0108,0.0159,0.0174,0.0172,0.0172,0.013,0.0144,0.0088,-0.002,-0.0087,-0.0152,-0.02,-0.0254,-0.0073,-0.0055,-0.001,0.0054,0.0148
2025-12-24,-4.08,145.0385,O,,,,,,,,0.0149,-0.0099,0.0011,0.0106,0.0124,0.0066,0.0022,-0.0053,-0.0008,-0.0011,0.0054,0.0072,0.0095,0.0039,-0.0009,-0.0023,-0.0147,-0.0137,-0.0104,-0.0121,-0.0051,0.002,0.0043
2025-12-24,-4.08,145.0385,SE,,,,0.1364,,0.0033,,,0.0,0.0,,,,,0.0,,0.0,,0.0,0.0,0.0,0.0,0.0,0.0,0.0,,,,,0.0
